"ID","Player","Team","Position","Prim Pos","Rookie","RkOv","Status","Age","Salary","Contract","Score","Ros","+/-","GP","W","GAA","SV%","SHO"
"*02nom*","Andrei Vasilevskiy","TBL","G","G","","1","nebsnave","32","10,100,000","BID","100","99%","0%","60","38","2.34",".918","5"
"*0322w*","Ilya Sorokin","NYI","G","G","","2","TommyG10","31","8,000,000","BID","99.71","98%","0%","55","31","2.76",".905","6"
"*02o7s*","Connor Hellebuyck","WPG","G","G","","3","ROO","33","13,300,000","BID","89.09","97%","0%","60","27","2.71",".902","4"
"*0457k*","Jake Oettinger","DAL","G","G","","4","mcianfra","27","11,000,000","BID","86.86","99%","0%","56","36","2.62",".902","3"
"*04mdc*","Logan Thompson","WSH","G","G","","5","btsay45","29","4,700,000","BID","86.36","99%","0%","56","29","2.48",".911","3"
"*04f24*","Jeremy Swayman","BOS","G","G","","6","Wags8210","27","2,700,000","BID","84.8","97%","0%","53","29","2.80",".905","3"
"*03rih*","Karel Vejmelka","UTA","G","G","","7","SPG","30","3,600,000","BID","81.11","99%","0%","62","33","2.78",".897","2"
"*04yla*","Brandon Bussi","CAR","G","G","","8","mertin","28","2,200,000","BID","79.13","98%","+1%","52","34","2.46",".894","3"
"*02b3y*","John Gibson","DET","G","G","","9","M.M","33","1,000,000","FA","78.65","73%","0%","51","26","2.71",".901","3"
"*061i2*","Sergei Murashov","PIT","G","G","R","10","BHHC","22","0","MNR","78.37","68%","-2%","47","25","2.82",".903","3"
"*01zs1*","Scott Wedgewood","COL","G","G","","11","BHHC","34","2,700,000","BID","78.32","95%","+1%","44","27","2.67",".905","3"
"*01ud1*","Sergei Bobrovsky","TOR","G","G","","12","M.M","38","9,600,000","BID","78","91%","0%","47","24","2.95",".893","4"
"*03ece*","Igor Shesterkin","NYR","G","G","","13","PuckLuck","30","12,200,000","BID","77.56","93%","0%","50","24","2.59",".910","2"
"*04yg5*","Jesper Wallstedt","MIN","G","G","","14","ROO","23","0","MNR","76.93","98%","0%","36","18","2.65",".914","4"
"*04qzc*","Joel Hofer","STL","G","G","","15","nbracken","26","3,600,000","BID","76.88","84%","-2%","44","23","3.15",".901","3"
"*03ynu*","Carter Hart","VGK","G","G","","16","CGN","28","1,000,000","BID","76.73","88%","+1%","50","25","2.67",".892","4"
"*04bii*","Spencer Knight","CHI","G","G","","17","CGN","25","6,500,000","BID","76.65","87%","-2%","54","20","2.85",".902","3"
"*031pl*","Juuse Saros","NSH","G","G","","18","SPG","31","1,500,000","BID","75.67","91%","0%","60","29","3.12",".895","1"
"*01d6c*","Jacob Markstrom","FLA","G","G","","19","mcianfra","36","2,800,000","BID","74.59","94%","+1%","50","27","2.95",".889","3"
"*03mbn*","Mackenzie Blackwood","COL","G","G","","20","mertin","29","6,600,000","BID","74.09","93%","-1%","42","23","2.67",".903","3"
"*05xct*","Jet Greaves","CBJ","G","G","","21","btsay45","25","1,500,000","ELC1","73.55","92%","-1%","46","23","2.83",".904","2"
"*051wf*","Dustin Wolf","CGY","G","G","","22","ROO","25","10,100,000","BID","73.27","80%","-2%","54","22","2.99",".900","2"
"*016kv*","Jake Allen","NJD","G","G","","23","PuckLuck","36","1,000,000","FA","73.19","62%","+1%","48","25","2.90",".900","2"
"*03jw0*","Joey Daccord","SEA","G","G","","24","TommyG10","30","1,350,000","BID","72.74","63%","-2%","41","19","3.20",".910","2"
"*0222k*","Darcy Kuemper","LAK","G","G","","25","mertin","36","4,100,000","BID","72.56","62%","-3%","50","22","2.67",".896","3"
"*0457i*","Ukko-Pekka Luukkonen","BUF","G","G","","26","mcianfra","27","1,200,000","BID","71.04","82%","-1%","40","24","2.66",".905","2"
"*02oar*","Linus Ullmark","OTT","G","G","","27","nbracken","33","8,100,000","BID","69.8","81%","-1%","45","21","2.73",".896","3"
"*0529k*","Yaroslav Askarov","SJS","G","G","","28","M.M","24","1,500,000","ELC1","68.12","92%","-1%","45","24","2.96",".909","0"
"*04ai3*","Kevin Lankinen","VAN","G","G","","29","FA","31","1,000,000","FA","66.42","32%","+2%","47","15","3.14",".910","1"
"*03rfo*","Daniel Vladar","PHI","G","G","","30","SPG","29","4,050,000","BID","66.17","84%","-3%","50","27","2.49",".904","0"
"*03zul*","Filip Gustavsson","MIN","G","G","","31","TommyG10","28","6,500,000","BID","66.13","73%","-4%","35","22","2.72",".905","2"
"*04qyv*","Lukas Dostal","ANA","G","G","","32","BULLIES","26","4,200,000","BID","65.86","94%","-1%","55","27","3.15",".891","0"
"*02fda*","Jordan Binnington","STL","G","G","","33","BULLIES","33","5,900,000","BID","63.29","42%","-2%","46","16","3.06",".902","1"
"*02h6c*","Anton Forsberg","LAK","G","G","","34","FA","33","1,000,000","FA","63.2","29%","-2%","39","16","2.62",".908","2"
"*05oxs*","Jakub Dobes","MTL","G","G","","35","nebsnave","25","2,300,000","BID","63.1","99%","0%","40","26","2.79",".902","0"
"*051v4*","Arturs Silovs","PIT","G","G","","36","BHHC","25","1,500,000","ELC1","61.96","50%","-4%","39","16","3.08",".899","2"
"*04r01*","Akira Schmid","FLA","G","G","","37","FA","26","1,000,000","FA","61.85","39%","-3%","42","20","3.00",".893","2"
"*04yi4*","Pyotr Kochetkov","CAR","G","G","","38","FA","27","1,000,000","FA","61.23","60%","-2%","36","20","2.42",".903","2"
"*01zry*","Frederik Andersen","EDM","G","G","","39","FA","36","1,000,000","FA","60.69","53%","-2%","37","17","2.92",".899","2"
"*03nqi*","Alex Lyon","BUF","G","G","","40","nbracken","33","1,000,000","FA","59.45","41%","-3%","32","17","2.83",".905","2"
"*03as7*","Thatcher Demko","VAN","G","G","","41","FA","30","1,000,000","FA","59.45","38%","-4%","36","14","2.91",".894","3"
"*042w1*","Joseph Woll","PHI","G","G","","42","FA","28","1,000,000","FA","58.58","43%","-1%","32","15","3.22",".901","2"
"*039sy*","Alex Nedeljkovic","SJS","G","G","","43","FA","30","1,000,000","FA","57.17","27%","-1%","40","16","3.16",".906","0"
"*01zs7*","Philipp Grubauer","SEA","G","G","","44","FA","34","1,000,000","FA","55.71","21%","-1%","35","13","3.11",".911","0"
"*02np7*","Anthony Stolarz","TOR","G","G","","45","CGN","32","4,600,000","BID","55.13","35%","-3%","33","16","3.07",".893","2"
"*03mkm*","Adin Hill","VGK","G","G","","46","BHHC","30","4,200,000","BID","53.95","35%","-3%","36","17","2.63",".899","1"
"*03xme*","Charlie Lindgren","WSH","G","G","","47","FA","32","1,000,000","FA","51.47","17%","-1%","28","14","3.24",".887","2"
"*068yz*","Jacob Fowler","MTL","G","G","R","48","TommyG10","21","0","MNR","51.27","67%","-3%","29","10","2.86",".903","2"
"*02ycf*","Casey DeSmith","DAL","G","G","","49","FA","35","1,000,000","FA","50","24%","0%","29","14","2.54",".905","1"
"*03ygn*","David Rittich","NJD","G","G","","50","FA","34","1,000,000","FA","49.69","11%","-1%","26","11","3.27",".895","2"
"*04zc8*","Devin Cooley","CGY","G","G","","51","FA","29","1,000,000","FA","48.63","23%","-3%","34","11","2.78",".908","0"
"*03ar6*","Ville Husso","ANA","G","G","","52","FA","31","1,000,000","FA","48.51","11%","-1%","29","15","2.87",".905","0"
"*04r06*","Samuel Ersson","OTT","G","G","","53","FA","26","1,000,000","FA","47.95","16%","-2%","33","13","3.11",".900","0"
"*04an1*","Daniil Tarasov","DET","G","G","","54","FA","27","1,000,000","FA","47.64","18%","-2%","37","13","3.13",".895","0"
"*05o01*","Sebastian Cossa","UTA","G","G","","55","CGN","23","0","MNR","47.58","50%","-4%","27","12","3.00",".901","1"
"*060us*","Dennis Hildeby","TBL","G","G","","56","FA","25","1,000,000","FA","46.99","30%","-4%","28","11","3.05",".901","1"
"*03yxp*","Stuart Skinner","WPG","G","G","","57","btsay45","27","3,300,000","BID","46.62","48%","0%","25","13","2.97",".895","1"
"*05rbj*","Arvid Soderblom","CHI","G","G","","58","FA","27","1,000,000","FA","45.8","10%","-1%","30","9","3.26",".895","1"
"*02npn*","Joonas Korpisalo","NYR","G","G","","59","FA","32","1,000,000","FA","45.12","12%","-2%","28","11","3.18",".893","1"
"*02yjw*","Tristan Jarry","EDM","G","G","","60","FA","31","1,000,000","FA","44.76","36%","-1%","26","13","3.30",".885","1"
"*04qyd*","Justus Annunen","NSH","G","G","","61","FA","26","1,000,000","FA","44.19","19%","-2%","30","11","3.09",".888","1"
"*05mwh*","Devon Levi","EDM","G","G","","62","nebsnave","24","1,000,000","FA","42.7","50%","-3%","25","12","3.00",".899","0"
"*04mjq*","Colten Ellis","BUF","G","G","","63","FA","25","1,000,000","FA","39.62","19%","-2%","16","8","2.91",".903","1"
"*03rfp*","Sam Montembeault","MTL","G","G","","64","Wags8210","29","4,100,000","BID","37.79","19%","-2%","19","6","3.23",".886","1"
"*03y7l*","Michael DiPietro","BOS","G","G","","65","FA","27","1,000,000","FA","36.92","23%","-2%","17","8","2.63",".910","0"
"*03ebi*","Elvis Merzlikins","CBJ","G","G","","66","FA","32","1,000,000","FA","36.86","15%","-2%","12","6","3.02",".894","1"
"*01t68*","Cam Talbot","CBJ","G","G","","67","FA","39","1,000,000","FA","36.3","9%","0%","22","8","3.04",".892","0"
"*05ws3*","Niklas Kokko","SEA","G","G","","68","CGN","22","0","MNR","36.07","22%","-3%","15","4","3.12",".915","0"
"*04f7o*","Jiri Patera","BOS","G","G","","69","FA","27","1,000,000","FA","34.8","6%","-1%","15","5","3.26",".904","0"
"*01zs3*","Calvin Pickard","MIN","G","G","","70","FA","34","1,000,000","FA","34.78","7%","0%","18","6","3.29",".896","0"
"*03eap*","Vitek Vanecek","NYI","G","G","","71","FA","30","1,000,000","FA","34.43","8%","-1%","12","4","3.15",".887","1"
"*01zrw*","Petr Mrazek","(N/A)","G","G","","72","FA","34","1,000,000","FA","34.16","4%","-1%","23","6","3.49",".887","0"
"*059mt*","Nicolas Daws","NJD","G","G","","73","FA","25","1,000,000","FA","31.42","28%","-2%","16","4","3.38",".886","0"
"*03bw6*","Pheonix Copley","CBJ","G","G","","74","FA","34","1,000,000","FA","31.11","3%","-1%","10","4","2.99",".903","0"
"*004qi*","Semyon Varlamov","NYI","G","G","","75","FA","38","1,000,000","FA","30.29","7%","-1%","21","12","3.14",".000","0"
"*05lud*","Dylan Garand","NYR","G","G","","76","TommyG10","24","0","MNR","29.59","18%","-2%","9","3","3.07",".901","0"
"*051w5*","Trent Miner","COL","G","G","","77","FA","25","1,000,000","FA","29.55","13%","-2%","3","1","2.76",".916","1"
"*05k7t*","Drew Commesso","CHI","G","G","","78","nbracken","24","0","MNR","29.53","26%","-3%","3","2","2.49",".910","1"
"*0055l*","James Reimer","(N/A)","G","G","","79","FA","38","1,000,000","FA","28.65","1%","0%","9","3","2.59",".894","0"
"*02nq8*","Matt Murray","(N/A)","G","G","","80","FA","32","1,000,000","FA","28.43","2%","0%","12","0","2.34",".918","0"
"*03eb6*","Jonas Johansson","TBL","G","G","","81","FA","31","1,000,000","FA","28.34","7%","-2%","7","3","3.32",".894","0"
"*05nik*","Artur Akhtyamov","TOR","G","G","","82","nbracken","24","0","MNR","27.16","25%","-4%","9","1","3.37",".884","0"
"*02ycp*","Eric Comrie","SJS","G","G","","83","FA","31","1,000,000","FA","27.13","7%","-1%","5","2","3.00",".908","0"
"*06agl*","Nikita Tolopilo","VAN","G","G","","84","FA","26","1,000,000","FA","26.82","11%","-2%","8","2","3.63",".881","0"
"*05oxl*","Leevi Merilainen","VAN","G","G","","85","FA","24","1,000,000","FA","26.51","21%","-3%","11","2","3.36",".867","0"
"*02fnj*","Laurent Brossoit","ANA","G","G","","86","FA","33","1,000,000","FA","25.89","4%","0%","4","2","2.79",".897","0"
"*031ok*","Spencer Martin","NYR","G","G","","87","FA","31","1,000,000","FA","25.58","2%","0%","8","2","3.95",".866","0"
"*060fz*","Clay Stevenson","WSH","G","G","","88","FA","27","1,000,000","FA","24.06","9%","-1%","2","1","2.68",".921","0"
"*05r8v*","Alexei Kolosov","PHI","G","G","","89","FA","24","1,000,000","FA","23.75","12%","-2%","7","1","3.87",".852","0"
"*05ugg*","Arsenii Sergeev","CGY","G","G","","90","FA","23","1,000,000","FA","23.44","7%","-1%","4","1","3.93",".862","0"
"*04zb5*","Mads Sogaard","TBL","G","G","","91","FA","25","1,000,000","FA","22.51","10%","-1%","3","1","4.71",".833","0"
"*05u3g*","Thomas Milic","WPG","G","G","","92","FA","23","1,000,000","FA","22.22","12%","-2%","3","0","3.40",".875","0"
"*05no6*","Victor Ostman","SEA","G","G","","93","FA","25","1,000,000","FA","21.91","7%","-1%","1","0","4.14",".879","0"
"*04obf*","Hunter Shepard","(N/A)","G","G","","94","FA","30","1,000,000","FA","21.29","1%","0%","1","0","4.00",".846","0"
"*03eb4*","Brandon Halverson","DAL","G","G","","95","FA","30","1,000,000","FA","20.98","1%","0%","2","0","3.08",".826","0"
"*062q9*","Vyacheslav Buteyets","ANA","G","G","","96","FA","24","1,000,000","FA","20.67","3%","0%","1","0","9.00",".769","0"
"*05y9j*","Gavin Abric","(N/A)","G","G","","97","FA","25","1,000,000","FA","0","0%","0%","0","0","0","0","0"
"*05rah*","Olivier Adam","(N/A)","G","G","","98","FA","24","1,000,000","FA","0","0%","0%","0","0","0","0","0"
"*04ffu*","Adam Ahman","(N/A)","G","G","","99","FA","27","1,000,000","FA","0","0%","0%","0","0","0","0","0"
"*076wv*","Juuso Ainasto","TOR","G","G","R","100","FA","18","1,000,000","FA","0","4%","0%","0","0","0","0","0"
"*01zs4*","Sami Aittokallio","(N/A)","G","G","","101","FA","34","1,000,000","FA","0","0%","0%","0","0","0","0","0"
"*05ufo*","Gage Alexander","DET","G","G","","102","FA","24","1,000,000","FA","0","1%","0%","0","0","0","0","0"
"*04ru3*","Jett Alexander","TOR","G","G","","103","FA","26","1,000,000","FA","0","0%","0%","0","0","0","0","0"
"*051tp*","Hugo Alnefelt","TBL","G","G","","104","FA","25","1,000,000","FA","0","3%","0%","0","0","0","0","0"
"*03bds*","Oscar Alsenfelt","(N/A)","G","G","","105","FA","39","1,000,000","FA","0","0%","0%","0","0","0","0","0"
"*02npu*","Daniel Altshuller","(N/A)","G","G","","106","FA","32","1,000,000","FA","0","0%","0%","0","0","0","0","0"
"*023p1*","Brandon Anderson","(N/A)","G","G","","107","FA","34","1,000,000","FA","0","0%","0%","0","0","0","0","0"
"*023ov*","J.P. Anderson","SJS","G","G","","108","FA","34","1,000,000","FA","0","0%","0%","0","0","0","0","0"
"*05224*","Cedrick Andree","(N/A)","G","G","","109","FA","26","1,000,000","FA","0","0%","0%","0","0","0","0","0"
"*05uw0*","Viggo Andren","(N/A)","G","G","","110","FA","23","1,000,000","FA","0","0%","0%","0","0","0","0","0"
"*04ofx*","Viktor Andren","(N/A)","G","G","","111","FA","32","1,000,000","FA","0","0%","0%","0","0","0","0","0"
"*06qqd*","Pyotr Andreyanov","CBJ","G","G","","112","nbracken","19","0","MNR","0","26%","-3%","0","0","0","0","0"
"*05xmy*","Eetu Anttila","(N/A)","G","G","","113","FA","27","1,000,000","FA","0","0%","0%","0","0","0","0","0"
"*03kpg*","Ken Appleby","TOR","G","G","","114","FA","31","1,000,000","FA","0","0%","0%","0","0","0","0","0"
"*060nz*","Maxim Arefyev","(N/A)","G","G","","115","FA","23","1,000,000","FA","0","0%","0%","0","0","0","0","0"
"*03nqj*","Jayson Argue","(N/A)","G","G","","116","FA","33","1,000,000","FA","0","0%","0%","0","0","0","0","0"
"*03miy*","Mantas Armalis","(N/A)","G","G","","117","FA","34","1,000,000","FA","0","0%","0%","0","0","0","0","0"
"*06r68*","Jonas Arntzen","(N/A)","G","G","","118","FA","28","1,000,000","FA","0","0%","0%","0","0","0","0","0"
"*065h2*","Brad Arvantis","(N/A)","G","G","","119","FA","29","1,000,000","FA","0","0%","0%","0","0","0","0","0"
"*03wlc*","Keegan Asmundson","(N/A)","G","G","","120","FA","36","1,000,000","FA","0","0%","0%","0","0","0","0","0"
"*05xde*","Tom Aubrun","CHI","G","G","","121","FA","31","1,000,000","FA","0","0%","0%","0","0","0","0","0"
"*068yu*","Trey Augustine","DET","G","G","","122","CGN","21","0","MNR","0","47%","-4%","0","0","0","0","0"
"*06q1d*","Jens Auke Hoekstra","(N/A)","G","G","","123","FA","22","1,000,000","FA","0","0%","0%","0","0","0","0","0"
"*05yji*","Danny aus den Birken","(N/A)","G","G","","1156","FA","41","1,000,000","FA","0","0%","0%","0","0","0","0","0"
"*05rag*","Tye Austin","(N/A)","G","G","","124","FA","24","1,000,000","FA","0","0%","0%","0","0","0","0","0"
"*06uvb*","Carl Axelsson","UTA","G","G","R","125","FA","19","1,000,000","FA","0","2%","0%","0","0","0","0","0"
"*01fuk*","Richard Bachman","(N/A)","G","G","","126","FA","39","1,000,000","FA","0","0%","0%","0","0","0","0","0"
"*06ptz*","Jake Barczewski","(N/A)","G","G","","127","FA","27","1,000,000","FA","0","0%","0%","0","0","0","0","0"
"*04fpz*","Dereck Baribeau","MIN","G","G","","128","FA","27","1,000,000","FA","0","0%","0%","0","0","0","0","0"
"*065g5*","Brad Barone","(N/A)","G","G","","129","FA","35","1,000,000","FA","0","0%","0%","0","0","0","0","0"
"*02oz4*","Patrik Bartosak","(N/A)","G","G","","130","FA","33","1,000,000","FA","0","0%","0%","0","0","0","0","0"
"*05uef*","Owen Bartoszkiewicz","(N/A)","G","G","","131","FA","23","1,000,000","FA","0","0%","0%","0","0","0","0","0"
"*0243u*","Konstantin Barulin","(N/A)","G","G","","132","FA","42","1,000,000","FA","0","0%","0%","0","0","0","0","0"
"*05o6l*","Roman Basran","(N/A)","G","G","","133","FA","25","1,000,000","FA","0","0%","0%","0","0","0","0","0"
"*051ve*","Dominic Basse","CHI","G","G","","134","FA","25","1,000,000","FA","0","1%","0%","0","0","0","0","0"
"*0042c*","Rejean Beauchemin","(N/A)","G","G","","135","FA","41","1,000,000","FA","0","0%","0%","0","0","0","0","0"
"*060xu*","Mason Beaupit","SJS","G","G","","136","FA","23","1,000,000","FA","0","1%","0%","0","0","0","0","0"
"*004sm*","Chris Beckford-Tseu","(N/A)","G","G","","137","FA","42","1,000,000","FA","0","0%","0%","0","0","0","0","0"
"*06tan*","Lucas Beckman","OTT","G","G","","138","FA","19","1,000,000","FA","0","12%","-2%","0","0","0","0","0"
"*05ge3*","Jan Bednar","(N/A)","G","G","","139","FA","24","1,000,000","FA","0","1%","0%","0","0","0","0","0"
"*03rk1*","Ryan Bednard","LAK","G","G","","140","FA","29","1,000,000","FA","0","0%","0%","0","0","0","0","0"
"*031v0*","Alexandre Belanger","MIN","G","G","","141","FA","31","1,000,000","FA","0","0%","0%","0","0","0","0","0"
"*02yeq*","Marek Benda","(N/A)","G","G","","142","FA","37","1,000,000","FA","0","0%","0%","0","0","0","0","0"
"*03sct*","Christoffer Bengtsberg","(N/A)","G","G","","143","FA","36","1,000,000","FA","0","0%","0%","0","0","0","0","0"
"*02j3y*","Brett Bennett","UTA","G","G","","144","FA","38","1,000,000","FA","0","0%","0%","0","0","0","0","0"
"*06tmj*","Trenten Bennett","NJD","G","G","","145","FA","20","1,000,000","FA","0","3%","0%","0","0","0","0","0"
"*042y9*","Mikhail Berdin","(N/A)","G","G","","146","FA","28","1,000,000","FA","0","0%","0%","0","0","0","0","0"
"*06yoe*","Stanislav Berezhnoy","CHI","G","G","","147","FA","23","1,000,000","FA","0","3%","0%","0","0","0","0","0"
"*031q3*","Fredrik Bergvik","SJS","G","G","","148","FA","31","1,000,000","FA","0","0%","0%","0","0","0","0","0"
"*068y7*","Matthew Berlin","(N/A)","G","G","","149","FA","28","1,000,000","FA","0","0%","0%","0","0","0","0","0"
"*04a9t*","Andreas Bernard","(N/A)","G","G","","150","FA","36","1,000,000","FA","0","0%","0%","0","0","0","0","0"
"*003sm*","Jonathan Bernier","(N/A)","G","G","","151","FA","38","1,000,000","FA","0","0%","0%","0","0","0","0","0"
"*06nka*","Thatcher Bernstein","(N/A)","G","G","","152","FA","20","1,000,000","FA","0","0%","0%","0","0","0","0","0"
"*02yob*","Reto Berra","(N/A)","G","G","","153","FA","39","1,000,000","FA","0","0%","0%","0","0","0","0","0"
"*023ry*","J-F Berube","LAK","G","G","","154","FA","35","1,000,000","FA","0","0%","0%","0","0","0","0","0"
"*06c43*","Patriks Berzins","(N/A)","G","G","","155","FA","23","1,000,000","FA","0","0%","0%","0","0","0","0","0"
"*01mj9*","Tyler Beskorowany","UTA","G","G","","156","FA","36","1,000,000","FA","0","0%","0%","0","0","0","0","0"
"*078cj*","Gavin Betts","(N/A)","G","G","","157","FA","18","1,000,000","FA","0","0%","0%","0","0","0","0","0"
"*031sq*","Antoine Bibeau","(N/A)","G","G","","158","FA","32","1,000,000","FA","0","0%","0%","0","0","0","0","0"
"*06lon*","Marko Bilic","(N/A)","G","G","","159","FA","20","1,000,000","FA","0","0%","0%","0","0","0","0","0"
"*02yep*","Brian Billett","(N/A)","G","G","","160","FA","34","1,000,000","FA","0","0%","0%","0","0","0","0","0"
"*03kqh*","Julio Billia","(N/A)","G","G","","161","FA","30","1,000,000","FA","0","0%","0%","0","0","0","0","0"
"*05ad5*","Timur Bilyalov","(N/A)","G","G","","162","FA","31","1,000,000","FA","0","0%","0%","0","0","0","0","0"
"*0689x*","Ryan Bischel","BOS","G","G","","163","FA","27","1,000,000","FA","0","0%","0%","0","0","0","0","0"
"*05xpi*","Alexander Bishop","(N/A)","G","G","","164","FA","29","1,000,000","FA","0","0%","0%","0","0","0","0","0"
"*03n2k*","Michael Bitzer","(N/A)","G","G","","165","FA","32","1,000,000","FA","0","0%","0%","0","0","0","0","0"
"*066pa*","Carson Bjarnason","PHI","G","G","","166","btsay45","21","0","MNR","0","13%","-2%","0","0","0","0","0"
"*05o6t*","Garin Bjorklund","(N/A)","G","G","","167","FA","24","1,000,000","FA","0","2%","0%","0","0","0","0","0"
"*06ajy*","Cooper Black","FLA","G","G","","168","FA","25","1,000,000","FA","0","6%","-1%","0","0","0","0","0"
"*06ruj*","Oskar Blomgren","(N/A)","G","G","","169","FA","21","1,000,000","FA","0","0%","0%","0","0","0","0","0"
"*05yg1*","Ian Blomquist","(N/A)","G","G","","170","FA","23","1,000,000","FA","0","0%","0%","0","0","0","0","0"
"*05k9b*","Joel Blomqvist","PIT","G","G","","171","TommyG10","24","0","MNR","0","19%","-3%","0","0","0","0","0"
"*01mzj*","Igor Bobkov","(N/A)","G","G","","172","FA","35","1,000,000","FA","0","0%","0%","0","0","0","0","0"
"*03zag*","Ivan Bocharov","(N/A)","G","G","","173","FA","31","1,000,000","FA","0","0%","0%","0","0","0","0","0"
"*04l2e*","Corbin Boes","(N/A)","G","G","","174","FA","33","1,000,000","FA","0","0%","0%","0","0","0","0","0"
"*07310*","Harrison Boettiger","WSH","G","G","","175","FA","18","1,000,000","FA","0","1%","0%","0","0","0","0","0"
"*06lv3*","Albin Boija","(N/A)","G","G","","176","FA","23","1,000,000","FA","0","0%","0%","0","0","0","0","0"
"*03o2c*","Callum Booth","(N/A)","G","G","","177","FA","29","1,000,000","FA","0","0%","0%","0","0","0","0","0"
"*066c9*","Zachary Borgiel","(N/A)","G","G","","178","FA","26","1,000,000","FA","0","0%","0%","0","0","0","0","0"
"*072z2*","Dmitri Borichev","NSH","G","G","R","179","FA","18","1,000,000","FA","0","16%","-2%","0","0","0","0","0"
"*03ee6*","Keven Bouchard","(N/A)","G","G","","180","FA","30","1,000,000","FA","0","0%","0%","0","0","0","0","0"
"*04r1k*","Zachary Bouthillier","TOR","G","G","","181","FA","26","1,000,000","FA","0","0%","0%","0","0","0","0","0"
"*004k4*","Jonathan Boutin","(N/A)","G","G","","182","FA","41","1,000,000","FA","0","0%","0%","0","0","0","0","0"
"*03lzf*","Landon Bow","(N/A)","G","G","","183","FA","31","1,000,000","FA","0","0%","0%","0","0","0","0","0"
"*05t9b*","Nikita Boyarkin","(N/A)","G","G","","184","FA","27","1,000,000","FA","0","0%","0%","0","0","0","0","0"
"*05tdc*","Talyn Boyko","(N/A)","G","G","","185","FA","23","1,000,000","FA","0","1%","0%","0","0","0","0","0"
"*03ycv*","Kevin Boyle","(N/A)","G","G","","186","FA","34","1,000,000","FA","0","0%","0%","0","0","0","0","0"
"*051uk*","Cole Brady","DAL","G","G","","187","FA","25","1,000,000","FA","0","0%","0%","0","0","0","0","0"
"*03oal*","Eric Brassard","(N/A)","G","G","","188","FA","31","1,000,000","FA","0","0%","0%","0","0","0","0","0"
"*02oau*","Francois Brassard","OTT","G","G","","189","FA","32","1,000,000","FA","0","0%","0%","0","0","0","0","0"
"*04nb3*","Victor Brattstrom","DET","G","G","","190","FA","29","1,000,000","FA","0","0%","0%","0","0","0","0","0"
"*05rf9*","Tyler Brennan","(N/A)","G","G","","191","FA","22","1,000,000","FA","0","4%","-1%","0","0","0","0","0"
"*02yen*","Bryan Bridges","(N/A)","G","G","","192","FA","40","1,000,000","FA","0","0%","0%","0","0","0","0","0"
"*01zs9*","Sam Brittain","COL","G","G","","193","FA","34","1,000,000","FA","0","0%","0%","0","0","0","0","0"
"*043i8*","Adam Brizgala","(N/A)","G","G","","194","FA","28","1,000,000","FA","0","0%","0%","0","0","0","0","0"
"*05nfs*","Brett Brochu","EDM","G","G","","195","FA","24","1,000,000","FA","0","0%","0%","0","0","0","0","0"
"*02yjm*","Anthony Brodeur","NJD","G","G","","196","FA","31","1,000,000","FA","0","0%","0%","0","0","0","0","0"
"*048vz*","Jeremy Brodeur","NJD","G","G","","197","FA","29","1,000,000","FA","0","0%","0%","0","0","0","0","0"
"*004ov*","Dave Brown","(N/A)","G","G","","198","FA","41","1,000,000","FA","0","0%","0%","0","0","0","0","0"
"*05yjb*","Felix Bruckmann","(N/A)","G","G","","199","FA","35","1,000,000","FA","0","0%","0%","0","0","0","0","0"
"*004n9*","Barry Brust","OTT","G","G","","200","FA","43","1,000,000","FA","0","0%","0%","0","0","0","0","0"
"*06kwq*","Vladislav Bryzgalov","(N/A)","G","G","","201","FA","20","1,000,000","FA","0","0%","0%","0","0","0","0","0"
"*07338*","Ryley Budd","(N/A)","G","G","","202","FA","18","1,000,000","FA","0","0%","0%","0","0","0","0","0"
"*04xct*","Evan Buitenhuis","NYI","G","G","","203","FA","33","1,000,000","FA","0","0%","0%","0","0","0","0","0"
"*01zrx*","Tyler Bunz","(N/A)","G","G","","204","FA","34","1,000,000","FA","0","0%","0%","0","0","0","0","0"
"*031si*","Brendan Burke","(N/A)","G","G","","205","FA","31","1,000,000","FA","0","0%","0%","0","0","0","0","0"
"*03nue*","Tommy Burke","(N/A)","G","G","","206","FA","34","1,000,000","FA","0","0%","0%","0","0","0","0","0"
"*02zo6*","Dustin Butler","(N/A)","G","G","","207","FA","38","1,000,000","FA","0","0%","0%","0","0","0","0","0"
"*03d11*","Philippe Cadorette","(N/A)","G","G","","208","FA","31","1,000,000","FA","0","0%","0%","0","0","0","0","0"
"*05uxe*","Pavel Cajan","(N/A)","G","G","","209","FA","23","1,000,000","FA","0","0%","0%","0","0","0","0","0"
"*06uwe*","Ryan Cameron","EDM","G","G","R","210","FA","19","1,000,000","FA","0","1%","0%","0","0","0","0","0"
"*05n89*","Aidan Campbell","(N/A)","G","G","","211","FA","24","1,000,000","FA","0","0%","0%","0","0","0","0","0"
"*01dcb*","Trevor Cann","(N/A)","G","G","","212","FA","37","1,000,000","FA","0","0%","0%","0","0","0","0","0"
"*025mf*","Joe Cannata","(N/A)","G","G","","213","FA","36","1,000,000","FA","0","0%","0%","0","0","0","0","0"
"*02yc8*","Tony Capobianco","LAK","G","G","","214","FA","36","1,000,000","FA","0","0%","0%","0","0","0","0","0"
"*03wm5*","Dustin Carlson","(N/A)","G","G","","215","FA","40","1,000,000","FA","0","0%","0%","0","0","0","0","0"
"*06jhi*","Mathieu Caron","(N/A)","G","G","","216","FA","26","1,000,000","FA","0","0%","0%","0","0","0","0","0"
"*03c7g*","Doug Carr","PIT","G","G","","217","FA","37","1,000,000","FA","0","0%","0%","0","0","0","0","0"
"*048lg*","Kevin Carr","(N/A)","G","G","","218","FA","36","1,000,000","FA","0","0%","0%","0","0","0","0","0"
"*05y9k*","Gabriel Carriere","(N/A)","G","G","","219","FA","25","1,000,000","FA","0","0%","0%","0","0","0","0","0"
"*078cd*","Luke Carrithers","(N/A)","G","G","","220","FA","18","1,000,000","FA","0","0%","0%","0","0","0","0","0"
"*01unv*","Chris Carrozzi","(N/A)","G","G","","221","FA","36","1,000,000","FA","0","0%","0%","0","0","0","0","0"
"*01zqf*","Mac Carruth","(N/A)","G","G","","222","FA","34","1,000,000","FA","0","0%","0%","0","0","0","0","0"
"*06uk4*","Carter Casey","PIT","G","G","","223","FA","18","1,000,000","FA","0","0%","0%","0","0","0","0","0"
"*066c5*","Jaxon Castor","SEA","G","G","","224","FA","29","1,000,000","FA","0","0%","0%","0","0","0","0","0"
"*05uww*","Anton Castro","(N/A)","G","G","","225","FA","23","1,000,000","FA","0","0%","0%","0","0","0","0","0"
"*064wp*","Luke Cavallin","BOS","G","G","","226","FA","25","1,000,000","FA","0","0%","0%","0","0","0","0","0"
"*05xuh*","Pierce Charleson","(N/A)","G","G","","227","FA","26","1,000,000","FA","0","0%","0%","0","0","0","0","0"
"*06jh8*","Stephane Charlin","(N/A)","G","G","","228","FA","26","1,000,000","FA","0","0%","0%","0","0","0","0","0"
"*07911*","Sebastian Charvat","(N/A)","G","G","","229","FA","18","1,000,000","FA","0","0%","0%","0","0","0","0","0"
"*05xnd*","Tikhon Chayka","(N/A)","G","G","","230","FA","23","1,000,000","FA","0","0%","0%","0","0","0","0","0"
"*05oxn*","Daniil Chechelev","CGY","G","G","","231","FA","25","1,000,000","FA","0","1%","0%","0","0","0","0","0"
"*06awb*","Nick Chenard","TOR","G","G","","232","FA","24","1,000,000","FA","0","0%","0%","0","0","0","0","0"
"*03afc*","Cole Cheveldave","(N/A)","G","G","","233","FA","33","1,000,000","FA","0","0%","0%","0","0","0","0","0"
"*01spx*","Marc Cheverie","(N/A)","G","G","","234","FA","39","1,000,000","FA","0","0%","0%","0","0","0","0","0"
"*01hw4*","Andy Chiodo","(N/A)","G","G","","235","FA","43","1,000,000","FA","0","0%","0%","0","0","0","0","0"
"*04r0b*","Magnus Chrona","(N/A)","G","G","","236","FA","26","1,000,000","FA","0","2%","0%","0","0","0","0","0"
"*02yc7*","Carsen Chubak","PHI","G","G","","237","FA","37","1,000,000","FA","0","0%","0%","0","0","0","0","0"
"*05lui*","Calle Clang","ANA","G","G","","238","FA","24","1,000,000","FA","0","5%","-1%","0","0","0","0","0"
"*06c3y*","Damian Clara","ANA","G","G","","239","Wags8210","21","0","MNR","0","14%","-3%","0","0","0","0","0"
"*05uat*","Chase Clark","WSH","G","G","","240","FA","24","1,000,000","FA","0","1%","0%","0","0","0","0","0"
"*01zs0*","Maxime Clermont","(N/A)","G","G","","241","FA","34","1,000,000","FA","0","0%","0%","0","0","0","0","0"
"*06kr0*","Justen Close","(N/A)","G","G","","242","FA","28","1,000,000","FA","0","0%","0%","0","0","0","0","0"
"*06loo*","Louka Cloutier","COL","G","G","","243","FA","20","1,000,000","FA","0","3%","0%","0","0","0","0","0"
"*030bi*","Mike Condon","(N/A)","G","G","","244","FA","36","1,000,000","FA","0","0%","0%","0","0","0","0","0"
"*02gvn*","Benjamin Conz","(N/A)","G","G","","245","FA","35","1,000,000","FA","0","0%","0%","0","0","0","0","0"
"*03bmj*","Jordon Cooke","(N/A)","G","G","","246","FA","33","1,000,000","FA","0","0%","0%","0","0","0","0","0"
"*06awj*","Reid Cooper","WSH","G","G","","247","FA","28","1,000,000","FA","0","0%","0%","0","0","0","0","0"
"*01zsb*","Mathieu Corbeil","VAN","G","G","","248","FA","34","1,000,000","FA","0","0%","0%","0","0","0","0","0"
"*02z6h*","Jared Coreau","(N/A)","G","G","","249","FA","34","1,000,000","FA","0","0%","0%","0","0","0","0","0"
"*042wz*","Evan Cormier","FLA","G","G","","250","FA","28","1,000,000","FA","0","0%","0%","0","0","0","0","0"
"*078c6*","Maks Corovic","SEA","G","G","","251","FA","18","1,000,000","FA","0","0%","0%","0","0","0","0","0"
"*061ls*","Marco Costantini","(N/A)","G","G","","252","FA","24","1,000,000","FA","0","0%","0%","0","0","0","0","0"
"*071md*","Joseph Costanzo","PHI","G","G","","253","FA","21","1,000,000","FA","0","0%","0%","0","0","0","0","0"
"*0648c*","Antoine Coulombe","(N/A)","G","G","","254","FA","24","1,000,000","FA","0","0%","0%","0","0","0","0","0"
"*004jp*","Adam Courchaine","(N/A)","G","G","","255","FA","37","1,000,000","FA","0","0%","0%","0","0","0","0","0"
"*06uz3*","Alexis Cournoyer","MTL","G","G","","256","FA","20","1,000,000","FA","0","5%","-1%","0","0","0","0","0"
"*01s6w*","Marco Cousineau","(N/A)","G","G","","257","FA","36","1,000,000","FA","0","0%","0%","0","0","0","0","0"
"*06mhn*","Dawson Cowan","(N/A)","G","G","","258","FA","20","1,000,000","FA","0","0%","0%","0","0","0","0","0"
"*031pe*","Evan Cowley","(N/A)","G","G","","259","FA","31","1,000,000","FA","0","0%","0%","0","0","0","0","0"
"*05kdy*","Will Cranley","STL","G","G","","260","FA","24","1,000,000","FA","0","1%","0%","0","0","0","0","0"
"*061lu*","Emmett Croteau","MTL","G","G","","261","FA","22","1,000,000","FA","0","2%","0%","0","0","0","0","0"
"*03l39*","Marvin Cupper","(N/A)","G","G","","262","FA","32","1,000,000","FA","0","0%","0%","0","0","0","0","0"
"*004mp*","John Curry","(N/A)","G","G","","263","FA","42","1,000,000","FA","0","0%","0%","0","0","0","0","0"
"*024zx*","Nicklas Dahlberg","(N/A)","G","G","","266","FA","41","1,000,000","FA","0","0%","0%","0","0","0","0","0"
"*066q3*","Gabriel D'Aigle","PIT","G","G","","264","FA","19","1,000,000","FA","0","8%","-1%","0","0","0","0","0"
"*02frf*","Paul Dainton","(N/A)","G","G","","267","FA","39","1,000,000","FA","0","0%","0%","0","0","0","0","0"
"*00468*","Taylor Dakers","(N/A)","G","G","","268","FA","40","1,000,000","FA","0","0%","0%","0","0","0","0","0"
"*01cxj*","Matt Dalton","(N/A)","G","G","","269","FA","40","1,000,000","FA","0","0%","0%","0","0","0","0","0"
"*02jxl*","Oscar Dansk","(N/A)","G","G","","270","FA","32","1,000,000","FA","0","0%","0%","0","0","0","0","0"
"*0385u*","Scott Darling","(N/A)","G","G","","271","FA","37","1,000,000","FA","0","0%","0%","0","0","0","0","0"
"*06aey*","Nathan Darveau","(N/A)","G","G","","272","FA","23","1,000,000","FA","0","0%","0%","0","0","0","0","0"
"*06lky*","Matt Davis","SJS","G","G","","273","FA","25","1,000,000","FA","0","0%","0%","0","0","0","0","0"
"*06c71*","Nathaniel Day","EDM","G","G","","274","FA","21","1,000,000","FA","0","2%","0%","0","0","0","0","0"
"*0058j*","Mark Dekanich","PHI","G","G","","277","FA","40","1,000,000","FA","0","0%","0%","0","0","0","0","0"
"*03sr3*","Collin Delia","(N/A)","G","G","","278","FA","32","1,000,000","FA","0","0%","0%","0","0","0","0","0"
"*0275q*","Aaron Dell","(N/A)","G","G","","279","FA","37","1,000,000","FA","0","0%","0%","0","0","0","0","0"
"*01nin*","Peter Delmas","(N/A)","G","G","","280","FA","36","1,000,000","FA","0","0%","0%","0","0","0","0","0"
"*03wqk*","Vasili Demchenko","MTL","G","G","","281","FA","32","1,000,000","FA","0","0%","0%","0","0","0","0","0"
"*06tal*","Louis-Antoine Denault","FLA","G","G","R","282","FA","19","1,000,000","FA","0","1%","0%","0","0","0","0","0"
"*003gt*","Adam Dennis","(N/A)","G","G","","283","FA","41","1,000,000","FA","0","0%","0%","0","0","0","0","0"
"*01szg*","Nathan Deobald","(N/A)","G","G","","284","FA","43","1,000,000","FA","0","0%","0%","0","0","0","0","0"
"*05y3f*","Drew DeRidder","(N/A)","G","G","","275","FA","26","1,000,000","FA","0","0%","0%","0","0","0","0","0"
"*027bk*","Jacob DeSerres","(N/A)","G","G","","276","FA","36","1,000,000","FA","0","0%","0%","0","0","0","0","0"
"*00qks*","Cedrick Desjardins","(N/A)","G","G","","285","FA","40","1,000,000","FA","0","0%","0%","0","0","0","0","0"
"*003q4*","Jeff Deslauriers","(N/A)","G","G","","286","FA","42","1,000,000","FA","0","0%","0%","0","0","0","0","0"
"*05uda*","Emerik Despatie","(N/A)","G","G","","287","FA","23","1,000,000","FA","0","0%","0%","0","0","0","0","0"
"*031od*","Philippe Desrosiers","MTL","G","G","","288","FA","31","1,000,000","FA","0","0%","0%","0","0","0","0","0"
"*043cp*","Stephen Dhillon","DET","G","G","","289","FA","28","1,000,000","FA","0","0%","0%","0","0","0","0","0"
"*03ed8*","Alec Dillon","LAK","G","G","","291","FA","30","1,000,000","FA","0","0%","0%","0","0","0","0","0"
"*060ya*","Domenic DiVincentiis","WPG","G","G","","290","FA","22","1,000,000","FA","0","7%","-1%","0","0","0","0","0"
"*072b5*","Filipp Dolganov","(N/A)","G","G","","292","FA","28","1,000,000","FA","0","0%","0%","0","0","0","0","0"
"*01zus*","Louis Domingue","FLA","G","G","","293","FA","34","1,000,000","FA","0","0%","0%","0","0","0","0","0"
"*068yy*","Max Donoso","(N/A)","G","G","","294","FA","23","1,000,000","FA","0","0%","0%","0","0","0","0","0"
"*04fh4*","Alex D'Orio","(N/A)","G","G","","265","FA","27","1,000,000","FA","0","0%","0%","0","0","0","0","0"
"*06688*","Maxim Dorozhko","(N/A)","G","G","","295","FA","28","1,000,000","FA","0","0%","0%","0","0","0","0","0"
"*02nq1*","Chris Driedger","VAN","G","G","","296","FA","32","1,000,000","FA","0","1%","0%","0","0","0","0","0"
"*05gsu*","Zach Driscoll","(N/A)","G","G","","297","FA","29","1,000,000","FA","0","0%","0%","0","0","0","0","0"
"*02wwe*","Alex Dubeau","(N/A)","G","G","","298","FA","32","1,000,000","FA","0","0%","0%","0","0","0","0","0"
"*003q5*","Devan Dubnyk","(N/A)","G","G","","299","FA","40","1,000,000","FA","0","0%","0%","0","0","0","0","0"
"*0042o*","Jeremy Duchesne","(N/A)","G","G","","300","FA","39","1,000,000","FA","0","0%","0%","0","0","0","0","0"
"*04ln3*","Anthony Dumont-Bouchard","(N/A)","G","G","","301","FA","29","1,000,000","FA","0","0%","0%","0","0","0","0","0"
"*04xdx*","Derek Dun","(N/A)","G","G","","302","FA","32","1,000,000","FA","0","0%","0%","0","0","0","0","0"
"*05xug*","Vincent Duplessis","COL","G","G","","303","FA","27","1,000,000","FA","0","0%","0%","0","0","0","0","0"
"*04obg*","Roman Durny","(N/A)","G","G","","304","FA","28","1,000,000","FA","0","0%","0%","0","0","0","0","0"
"*06buj*","Adam Dybal","(N/A)","G","G","","305","FA","21","1,000,000","FA","0","0%","0%","0","0","0","0","0"
"*061l3*","Reid Dyck","(N/A)","G","G","","306","FA","22","1,000,000","FA","0","0%","0%","0","0","0","0","0"
"*06qs9*","Kristoffer Eberly","(N/A)","G","G","","307","FA","23","1,000,000","FA","0","0%","0%","0","0","0","0","0"
"*06pvv*","Kai Edmonds","(N/A)","G","G","","308","FA","26","1,000,000","FA","0","0%","0%","0","0","0","0","0"
"*03i5r*","Ty Edmonds","(N/A)","G","G","","309","FA","30","1,000,000","FA","0","0%","0%","0","0","0","0","0"
"*02451*","Patrick Ehelechner","PIT","G","G","","310","FA","42","1,000,000","FA","0","0%","0%","0","0","0","0","0"
"*05ws2*","Rastislav Elias","(N/A)","G","G","","311","FA","22","1,000,000","FA","0","0%","0%","0","0","0","0","0"
"*04qyu*","Jesper Eliasson","DET","G","G","","312","FA","26","1,000,000","FA","0","0%","0%","0","0","0","0","0"
"*066ku*","Austin Elliott","(N/A)","G","G","","313","FA","22","1,000,000","FA","0","0%","0%","0","0","0","0","0"
"*0041j*","Brian Elliott","(N/A)","G","G","","314","FA","41","1,000,000","FA","0","0%","0%","0","0","0","0","0"
"*004ay*","Julien Ellis","(N/A)","G","G","","315","FA","40","1,000,000","FA","0","0%","0%","0","0","0","0","0"
"*03yk2*","Nick Ellis","(N/A)","G","G","","316","FA","32","1,000,000","FA","0","0%","0%","0","0","0","0","0"
"*04r0t*","Zachary Emond","(N/A)","G","G","","317","FA","26","1,000,000","FA","0","0%","0%","0","0","0","0","0"
"*01ve9*","Dennis Endras","(N/A)","G","G","","318","FA","41","1,000,000","FA","0","0%","0%","0","0","0","0","0"
"*03d26*","Andrew Engelage","(N/A)","G","G","","319","FA","37","1,000,000","FA","0","0%","0%","0","0","0","0","0"
"*01mz3*","Atte Engren","(N/A)","G","G","","320","FA","38","1,000,000","FA","0","0%","0%","0","0","0","0","0"
"*030vn*","Christian Engstrand","(N/A)","G","G","","321","FA","37","1,000,000","FA","0","0%","0%","0","0","0","0","0"
"*005j0*","Jhonas Enroth","(N/A)","G","G","","322","FA","38","1,000,000","FA","0","0%","0%","0","0","0","0","0"
"*04an2*","Olle Eriksson Ek","(N/A)","G","G","","323","FA","27","1,000,000","FA","0","0%","0%","0","0","0","0","0"
"*01fx6*","Joacim Eriksson","(N/A)","G","G","","324","FA","36","1,000,000","FA","0","0%","0%","0","0","0","0","0"
"*06cdy*","Noah Erliden","(N/A)","G","G","","325","FA","21","1,000,000","FA","0","0%","0%","0","0","0","0","0"
"*061wd*","Dylan Ernst","(N/A)","G","G","","326","FA","22","1,000,000","FA","0","0%","0%","0","0","0","0","0"
"*07a2w*","Carter Esler","(N/A)","G","G","","327","FA","17","1,000,000","FA","0","0%","0%","0","0","0","0","0"
"*03ee5*","Hugo Fagerblom","FLA","G","G","","328","FA","30","1,000,000","FA","0","0%","0%","0","0","0","0","0"
"*00583*","Joe Fallon","UTA","G","G","","329","FA","41","1,000,000","FA","0","0%","0%","0","0","0","0","0"
"*05y3j*","Ryan Fanti","TBL","G","G","","330","FA","26","1,000,000","FA","0","1%","0%","0","0","0","0","0"
"*03arx*","Ryan Faragher","(N/A)","G","G","","331","FA","36","1,000,000","FA","0","0%","0%","0","0","0","0","0"
"*024zw*","Viktor Fasth","(N/A)","G","G","","332","FA","44","1,000,000","FA","0","0%","0%","0","0","0","0","0"
"*05twl*","Thibault Fatton","(N/A)","G","G","","333","FA","24","1,000,000","FA","0","0%","0%","0","0","0","0","0"
"*04md9*","Justin Fazio","(N/A)","G","G","","334","FA","29","1,000,000","FA","0","0%","0%","0","0","0","0","0"
"*03rjk*","Ivan Fedotov","CBJ","G","G","","335","FA","29","1,000,000","FA","0","5%","0%","0","0","0","0","0"
"*06r3u*","Linards Feldbergs","PIT","G","G","","336","FA","21","1,000,000","FA","0","1%","0%","0","0","0","0","0"
"*0258a*","Thomas Fenton","(N/A)","G","G","","337","FA","42","1,000,000","FA","0","0%","0%","0","0","0","0","0"
"*04f2g*","Dylan Ferguson","(N/A)","G","G","","338","FA","28","1,000,000","FA","0","0%","0%","0","0","0","0","0"
"*03rri*","Linus Fernstrom","(N/A)","G","G","","339","FA","39","1,000,000","FA","0","0%","0%","0","0","0","0","0"
"*075kl*","Ryder Fetterolf","CAR","G","G","R","340","FA","18","1,000,000","FA","0","4%","0%","0","0","0","0","0"
"*060y8*","Vincent Filion","(N/A)","G","G","","341","FA","22","1,000,000","FA","0","0%","0%","0","0","0","0","0"
"*04abh*","Andrei Filonenko","(N/A)","G","G","","342","FA","31","1,000,000","FA","0","0%","0%","0","0","0","0","0"
"*03llr*","Charlie Finn","(N/A)","G","G","","343","FA","33","1,000,000","FA","0","0%","0%","0","0","0","0","0"
"*004ol*","Glenn Fisher","(N/A)","G","G","","344","FA","43","1,000,000","FA","0","0%","0%","0","0","0","0","0"
"*03wpk*","Evan Fitzpatrick","(N/A)","G","G","","345","FA","28","1,000,000","FA","0","0%","0%","0","0","0","0","0"
"*072yc*","Josh Fleming","(N/A)","G","G","","346","FA","21","1,000,000","FA","0","0%","0%","0","0","0","0","0"
"*03mh2*","Jack Flinn","LAK","G","G","","347","FA","30","1,000,000","FA","0","0%","0%","0","0","0","0","0"
"*065gd*","Logan Flodell","OTT","G","G","","348","FA","29","1,000,000","FA","0","0%","0%","0","0","0","0","0"
"*06gnq*","Owen Flores","NSH","G","G","","349","FA","22","1,000,000","FA","0","0%","0%","0","0","0","0","0"
"*03p6v*","Lukas Flueler","(N/A)","G","G","","350","FA","37","1,000,000","FA","0","0%","0%","0","0","0","0","0"
"*0049p*","Todd Ford","(N/A)","G","G","","351","FA","42","1,000,000","FA","0","0%","0%","0","0","0","0","0"
"*06jhf*","William Forsberg","(N/A)","G","G","","352","FA","19","1,000,000","FA","0","0%","0%","0","0","0","0","0"
"*02fpz*","Brian Foster","(N/A)","G","G","","353","FA","39","1,000,000","FA","0","0%","0%","0","0","0","0","0"
"*01a1w*","Jeff Frazee","(N/A)","G","G","","354","FA","39","1,000,000","FA","0","0%","0%","0","0","0","0","0"
"*04yl1*","Dominik Frodl","(N/A)","G","G","","355","FA","30","1,000,000","FA","0","0%","0%","0","0","0","0","0"
"*06qqe*","Semyon Frolov","CAR","G","G","","356","mcianfra","19","0","MNR","0","19%","-3%","0","0","0","0","0"
"*02ycq*","Zach Fucale","(N/A)","G","G","","357","FA","31","1,000,000","FA","0","1%","0%","0","0","0","0","0"
"*04l2j*","Kaden Fulcher","DET","G","G","","358","FA","28","1,000,000","FA","0","0%","0%","0","0","0","0","0"
"*03zf4*","Dominik Furch","(N/A)","G","G","","359","FA","36","1,000,000","FA","0","0%","0%","0","0","0","0","0"
"*06mqq*","Denis Gabdrakhmanov","FLA","G","G","","360","FA","21","1,000,000","FA","0","2%","0%","0","0","0","0","0"
"*04ad8*","Parker Gahagen","(N/A)","G","G","","361","FA","33","1,000,000","FA","0","0%","0%","0","0","0","0","0"
"*03afu*","Sergei Gaiduchenko","FLA","G","G","","362","FA","37","1,000,000","FA","0","0%","0%","0","0","0","0","0"
"*067yt*","Adam Gajan","CHI","G","G","","363","PuckLuck","22","0","MNR","0","20%","-3%","0","0","0","0","0"
"*04mmn*","Matthew Galajda","(N/A)","G","G","","364","FA","28","1,000,000","FA","0","0%","0%","0","0","0","0","0"
"*03bqk*","Stanislav Galimov","(N/A)","G","G","","365","FA","38","1,000,000","FA","0","0%","0%","0","0","0","0","0"
"*05xwq*","Vladimir Galkin","(N/A)","G","G","","366","FA","26","1,000,000","FA","0","0%","0%","0","0","0","0","0"
"*078r5*","William Gammals","(N/A)","G","G","","367","FA","18","1,000,000","FA","0","0%","0%","0","0","0","0","0"
"*06ims*","Dmitri Gamzin","NYI","G","G","","368","BULLIES","23","0","MNR","0","13%","-2%","0","0","0","0","0"
"*06jhh*","Evan Gardner","CBJ","G","G","","369","ROO","20","0","MNR","0","12%","-2%","0","0","0","0","0"
"*03ano*","Emil Garipov","(N/A)","G","G","","370","FA","35","1,000,000","FA","0","0%","0%","0","0","0","0","0"
"*03ycw*","Michael Garteig","(N/A)","G","G","","371","FA","34","1,000,000","FA","0","0%","0%","0","0","0","0","0"
"*06owp*","Sebastian Gatto","(N/A)","G","G","","372","FA","20","1,000,000","FA","0","0%","0%","0","0","0","0","0"
"*05rke*","Benjamin Gaudreau","MTL","G","G","","373","FA","23","1,000,000","FA","0","2%","0%","0","0","0","0","0"
"*051xh*","Taylor Gauthier","PIT","G","G","","374","FA","25","1,000,000","FA","0","1%","0%","0","0","0","0","0"
"*024j3*","Sergei Gayduchenko","(N/A)","G","G","","375","FA","37","1,000,000","FA","0","0%","0%","0","0","0","0","0"
"*024d7*","Marc-Antoine Gelinas","(N/A)","G","G","","376","FA","37","1,000,000","FA","0","0%","0%","0","0","0","0","0"
"*02697*","Leonardo Genoni","(N/A)","G","G","","377","FA","39","1,000,000","FA","0","0%","0%","0","0","0","0","0"
"*06hk8*","Carter George","LAK","G","G","","378","nebsnave","20","0","MNR","0","29%","-3%","0","0","0","0","0"
"*04gpz*","Alexandar Georgiev","(N/A)","G","G","","379","FA","30","1,000,000","FA","0","2%","0%","0","0","0","0","0"
"*05tpu*","Kirill Gerasimyuk","FLA","G","G","","380","FA","23","1,000,000","FA","0","6%","-1%","0","0","0","0","0"
"*06ag4*","Dante Giannuzzi","(N/A)","G","G","","381","FA","24","1,000,000","FA","0","0%","0%","0","0","0","0","0"
"*02b6s*","Chris Gibson","DAL","G","G","","382","FA","33","1,000,000","FA","0","0%","0%","0","0","0","0","0"
"*04qzr*","Mitchell Gibson","WSH","G","G","","383","FA","27","1,000,000","FA","0","1%","0%","0","0","0","0","0"
"*06mcz*","Marcus Gidlof","STL","G","G","","384","FA","20","1,000,000","FA","0","8%","-1%","0","0","0","0","0"
"*07ad9*","Dolan Gilbert","(N/A)","G","G","","385","FA","25","1,000,000","FA","0","0%","0%","0","0","0","0","0"
"*038ka*","Riley Gill","WSH","G","G","","386","FA","41","1,000,000","FA","0","0%","0%","0","0","0","0","0"
"*04xco*","Mitch Gillam","(N/A)","G","G","","387","FA","34","1,000,000","FA","0","0%","0%","0","0","0","0","0"
"*02nq0*","Jon Gillies","TOR","G","G","","388","FA","32","1,000,000","FA","0","0%","0%","0","0","0","0","0"
"*03wlz*","Matt Ginn","(N/A)","G","G","","389","FA","35","1,000,000","FA","0","0%","0%","0","0","0","0","0"
"*02y8y*","Gabriel Girard","(N/A)","G","G","","390","FA","35","1,000,000","FA","0","0%","0%","0","0","0","0","0"
"*005il*","Joel Gistedt","(N/A)","G","G","","391","FA","38","1,000,000","FA","0","0%","0%","0","0","0","0","0"
"*0041o*","Jeff Glass","(N/A)","G","G","","392","FA","40","1,000,000","FA","0","0%","0%","0","0","0","0","0"
"*06clr*","Olof Glifford","FLA","G","G","","393","FA","21","1,000,000","FA","0","2%","0%","0","0","0","0","0"
"*03mgr*","Denis Godla","(N/A)","G","G","","394","FA","31","1,000,000","FA","0","0%","0%","0","0","0","0","0"
"*06tdo*","Mans Goos","DAL","G","G","","395","FA","19","1,000,000","FA","0","4%","0%","0","0","0","0","0"
"*03d27*","Lucas Gore","(N/A)","G","G","","396","FA","35","1,000,000","FA","0","0%","0%","0","0","0","0","0"
"*05o6p*","Brock Gould","(N/A)","G","G","","397","FA","24","1,000,000","FA","0","0%","0%","0","0","0","0","0"
"*03d05*","Luka Gracnar","(N/A)","G","G","","398","FA","32","1,000,000","FA","0","0%","0%","0","0","0","0","0"
"*048kr*","Mark Grametbauer","TBL","G","G","","399","FA","28","1,000,000","FA","0","0%","0%","0","0","0","0","0"
"*06cg7*","William Gramme","(N/A)","G","G","","400","FA","24","1,000,000","FA","0","0%","0%","0","0","0","0","0"
"*05oja*","Noah Grannan","(N/A)","G","G","","401","FA","24","1,000,000","FA","0","0%","0%","0","0","0","0","0"
"*04ld2*","Alexis Gravel","MTL","G","G","","402","FA","26","1,000,000","FA","0","0%","0%","0","0","0","0","0"
"*06cfe*","Charles-Edward Gravel","(N/A)","G","G","","403","FA","22","1,000,000","FA","0","0%","0%","0","0","0","0","0"
"*05xc5*","Matthew Greenfield","CGY","G","G","","404","FA","31","1,000,000","FA","0","0%","0%","0","0","0","0","0"
"*038kb*","Scott Greenham","(N/A)","G","G","","405","FA","39","1,000,000","FA","0","0%","0%","0","0","0","0","0"
"*0046d*","Thomas Greiss","(N/A)","G","G","","406","FA","40","1,000,000","FA","0","0%","0%","0","0","0","0","0"
"*068jx*","Gustavs Davis Grigals","NSH","G","G","","407","FA","28","1,000,000","FA","0","0%","0%","0","0","0","0","0"
"*02ia4*","Troy Grosenick","MIN","G","G","","408","FA","37","1,000,000","FA","0","0%","0%","0","0","0","0","0"
"*031qa*","Kristers Gudlevskis","(N/A)","G","G","","409","FA","34","1,000,000","FA","0","0%","0%","0","0","0","0","0"
"*06c9h*","Rudy Guimond","DET","G","G","","410","FA","21","1,000,000","FA","0","3%","0%","0","0","0","0","0"
"*032de*","Louis-Philip Guindon","WSH","G","G","","411","FA","31","1,000,000","FA","0","0%","0%","0","0","0","0","0"
"*03yln*","Jonas Gunnarsson","(N/A)","G","G","","412","FA","34","1,000,000","FA","0","0%","0%","0","0","0","0","0"
"*05r1f*","Yegor Guskov","(N/A)","G","G","","413","FA","24","1,000,000","FA","0","0%","0%","0","0","0","0","0"
"*01zsd*","Johan Gustafsson","(N/A)","G","G","","414","FA","34","1,000,000","FA","0","0%","0%","0","0","0","0","0"
"*05ylc*","Mack Guzda","(N/A)","G","G","","415","FA","25","1,000,000","FA","0","1%","0%","0","0","0","0","0"
"*051vy*","Carter Gylander","DET","G","G","","416","FA","25","1,000,000","FA","0","1%","0%","0","0","0","0","0"
"*01meq*","Matt Hackett","(N/A)","G","G","","417","FA","36","1,000,000","FA","0","0%","0%","0","0","0","0","0"
"*051uz*","Ethan Haider","NSH","G","G","","418","FA","25","1,000,000","FA","0","0%","0%","0","0","0","0","0"
"*003ve*","Jaroslav Halak","(N/A)","G","G","","419","FA","41","1,000,000","FA","0","0%","0%","0","0","0","0","0"
"*03eko*","Logan Halladay","(N/A)","G","G","","420","FA","30","1,000,000","FA","0","0%","0%","0","0","0","0","0"
"*043i9*","Niilo Halonen","(N/A)","G","G","","421","FA","28","1,000,000","FA","0","0%","0%","0","0","0","0","0"
"*06i0b*","Freddie Halyk","(N/A)","G","G","","422","FA","23","1,000,000","FA","0","0%","0%","0","0","0","0","0"
"*06md1*","Vojtech Hambalek","(N/A)","G","G","","423","FA","21","1,000,000","FA","0","0%","0%","0","0","0","0","0"
"*02z8v*","Andrew Hammond","(N/A)","G","G","","424","FA","38","1,000,000","FA","0","0%","0%","0","0","0","0","0"
"*05u2s*","Patrik Hamrla","CAR","G","G","","425","FA","23","1,000,000","FA","0","3%","-1%","0","0","0","0","0"
"*060qe*","Darion Hanson","(N/A)","G","G","","426","FA","29","1,000,000","FA","0","0%","0%","0","0","0","0","0"
"*003ua*","Josh Harding","(N/A)","G","G","","427","FA","42","1,000,000","FA","0","0%","0%","0","0","0","0","0"
"*06pzf*","Love Harenstam","STL","G","G","","428","FA","19","1,000,000","FA","0","6%","-1%","0","0","0","0","0"
"*06md7*","Martin Haronik","(N/A)","G","G","","429","FA","20","1,000,000","FA","0","0%","0%","0","0","0","0","0"
"*02ypm*","Eric Hartzell","(N/A)","G","G","","430","FA","37","1,000,000","FA","0","0%","0%","0","0","0","0","0"
"*04m8y*","Samuel Harvey","(N/A)","G","G","","431","FA","28","1,000,000","FA","0","0%","0%","0","0","0","0","0"
"*04m5n*","Henrik Haukeland","(N/A)","G","G","","432","FA","31","1,000,000","FA","0","0%","0%","0","0","0","0","0"
"*061ni*","Daniel Hauser","NYI","G","G","","433","FA","22","1,000,000","FA","0","0%","0%","0","0","0","0","0"
"*060y6*","Hugo Havelid","(N/A)","G","G","","434","FA","22","1,000,000","FA","0","0%","0%","0","0","0","0","0"
"*03edy*","Hayden Hawkey","(N/A)","G","G","","435","FA","31","1,000,000","FA","0","0%","0%","0","0","0","0","0"
"*03rxl*","Kyle Hayton","(N/A)","G","G","","436","FA","32","1,000,000","FA","0","0%","0%","0","0","0","0","0"
"*01nao*","Thomas Heemskerk","(N/A)","G","G","","437","FA","36","1,000,000","FA","0","0%","0%","0","0","0","0","0"
"*02i59*","Cal Heeter","TOR","G","G","","438","FA","37","1,000,000","FA","0","0%","0%","0","0","0","0","0"
"*06pdu*","Caleb Heil","TBL","G","G","","439","FA","20","1,000,000","FA","0","2%","0%","0","0","0","0","0"
"*004jv*","Riku Helenius","TBL","G","G","","440","FA","38","1,000,000","FA","0","0%","0%","0","0","0","0","0"
"*060z0*","Christian Heljanko","(N/A)","G","G","","441","FA","29","1,000,000","FA","0","0%","0%","0","0","0","0","0"
"*02b3x*","Magnus Hellberg","DAL","G","G","","442","FA","35","1,000,000","FA","0","1%","0%","0","0","0","0","0"
"*066rf*","Alexander Hellnemo","(N/A)","G","G","","443","FA","22","1,000,000","FA","0","0%","0%","0","0","0","0","0"
"*042xn*","Jeremy Helvig","CAR","G","G","","444","FA","29","1,000,000","FA","0","0%","0%","0","0","0","0","0"
"*06mj4*","Kam Hendrickson","(N/A)","G","G","","445","FA","20","1,000,000","FA","0","0%","0%","0","0","0","0","0"
"*076rd*","Roberto Henriquez","BOS","G","G","R","446","FA","19","1,000,000","FA","0","3%","0%","0","0","0","0","0"
"*03mlt*","Liam Herbst","(N/A)","G","G","","447","FA","30","1,000,000","FA","0","0%","0%","0","0","0","0","0"
"*04lq5*","Christoffer Hernberg","(N/A)","G","G","","448","FA","31","1,000,000","FA","0","0%","0%","0","0","0","0","0"
"*03oyu*","Michael Herringer","(N/A)","G","G","","449","FA","30","1,000,000","FA","0","0%","0%","0","0","0","0","0"
"*02t4q*","Zoltan Hetenyi","(N/A)","G","G","","450","FA","38","1,000,000","FA","0","0%","0%","0","0","0","0","0"
"*049nk*","Matt Hewitt","(N/A)","G","G","","451","FA","33","1,000,000","FA","0","0%","0%","0","0","0","0","0"
"*048w4*","Connor Hicks","DET","G","G","","452","FA","29","1,000,000","FA","0","0%","0%","0","0","0","0","0"
"*06ce0*","Johnny Hicks","(N/A)","G","G","","453","FA","21","1,000,000","FA","0","1%","0%","0","0","0","0","0"
"*02ycd*","Jake Hildebrand","(N/A)","G","G","","454","FA","33","1,000,000","FA","0","0%","0%","0","0","0","0","0"
"*06y1z*","Max Hildebrand","(N/A)","G","G","","455","FA","22","1,000,000","FA","0","0%","0%","0","0","0","0","0"
"*031vb*","Brady Hjelle","(N/A)","G","G","","456","FA","36","1,000,000","FA","0","0%","0%","0","0","0","0","0"
"*05a0s*","Samuel Hlavaj","TOR","G","G","","457","FA","25","1,000,000","FA","0","4%","-1%","0","0","0","0","0"
"*060z7*","Thomas Hodges","(N/A)","G","G","","458","FA","33","1,000,000","FA","0","0%","0%","0","0","0","0","0"
"*02yce*","Brody Hoffman","(N/A)","G","G","","459","FA","35","1,000,000","FA","0","0%","0%","0","0","0","0","0"
"*025gr*","Bryan Hogan","(N/A)","G","G","","460","FA","37","1,000,000","FA","0","0%","0%","0","0","0","0","0"
"*031p1*","Marcus Hogberg","NYI","G","G","","461","FA","31","1,000,000","FA","0","1%","0%","0","0","0","0","0"
"*05oxj*","Luca Hollenstein","(N/A)","G","G","","462","FA","26","1,000,000","FA","0","0%","0%","0","0","0","0","0"
"*04f87*","Jordan Hollett","OTT","G","G","","463","FA","27","1,000,000","FA","0","0%","0%","0","0","0","0","0"
"*04f7u*","Arvid Holm","(N/A)","G","G","","464","FA","27","1,000,000","FA","0","0%","0%","0","0","0","0","0"
"*05uxc*","Braden Holt","(N/A)","G","G","","465","FA","23","1,000,000","FA","0","0%","0%","0","0","0","0","0"
"*0040i*","Chris Holt","OTT","G","G","","466","FA","41","1,000,000","FA","0","0%","0%","0","0","0","0","0"
"*016kx*","Braden Holtby","(N/A)","G","G","","467","FA","37","1,000,000","FA","0","0%","0%","0","0","0","0","0"
"*05a7c*","Gibson Homer","(N/A)","G","G","","468","FA","22","1,000,000","FA","0","0%","0%","0","0","0","0","0"
"*02dyv*","David Honzik","(N/A)","G","G","","469","FA","33","1,000,000","FA","0","0%","0%","0","0","0","0","0"
"*06ung*","Burke Hood","NYI","G","G","","470","FA","19","1,000,000","FA","0","3%","0%","0","0","0","0","0"
"*03wlg*","Brandon Hope","(N/A)","G","G","","471","FA","32","1,000,000","FA","0","0%","0%","0","0","0","0","0"
"*00431*","Martin Houle","(N/A)","G","G","","472","FA","41","1,000,000","FA","0","0%","0%","0","0","0","0","0"
"*02gvl*","Michael Houser","(N/A)","G","G","","473","FA","34","1,000,000","FA","0","0%","0%","0","0","0","0","0"
"*01nnz*","Niko Hovinen","(N/A)","G","G","","474","FA","38","1,000,000","FA","0","0%","0%","0","0","0","0","0"
"*05y9w*","Joseph Howe","(N/A)","G","G","","475","FA","25","1,000,000","FA","0","0%","0%","0","0","0","0","0"
"*0644l*","Michael Hrabal","UTA","G","G","","476","ROO","21","0","MNR","0","33%","-4%","0","0","0","0","0"
"*04dez*","Dominik Hrachovina","(N/A)","G","G","","477","FA","32","1,000,000","FA","0","0%","0%","0","0","0","0","0"
"*06r9l*","Ben Hrebik","(N/A)","G","G","","478","FA","20","1,000,000","FA","0","0%","0%","0","0","0","0","0"
"*04moq*","David Hrenak","LAK","G","G","","479","FA","28","1,000,000","FA","0","0%","0%","0","0","0","0","0"
"*076wl*","Samuel Hrenak","WPG","G","G","R","480","FA","18","1,000,000","FA","0","6%","-1%","0","0","0","0","0"
"*05yk1*","Simon Hrubec","(N/A)","G","G","","481","FA","35","1,000,000","FA","0","0%","0%","0","0","0","0","0"
"*02yer*","Julius Hudacek","(N/A)","G","G","","482","FA","38","1,000,000","FA","0","0%","0%","0","0","0","0","0"
"*06c94*","Ewan Huet","(N/A)","G","G","","483","FA","21","1,000,000","FA","0","0%","0%","0","0","0","0","0"
"*03ai9*","Cole Huggins","(N/A)","G","G","","484","FA","34","1,000,000","FA","0","0%","0%","0","0","0","0","0"
"*06mcl*","Connor Hughes","MTL","G","G","","485","FA","30","1,000,000","FA","0","0%","0%","0","0","0","0","0"
"*05ncu*","Jere Huhtamaa","(N/A)","G","G","","486","FA","26","1,000,000","FA","0","0%","0%","0","0","0","0","0"
"*078c7*","Matthew Humphries","DAL","G","G","","487","FA","18","1,000,000","FA","0","0%","0%","0","0","0","0","0"
"*02j0n*","Shawn Hunwick","(N/A)","G","G","","488","FA","39","1,000,000","FA","0","0%","0%","0","0","0","0","0"
"*03rjg*","Adam Huska","NYR","G","G","","489","FA","29","1,000,000","FA","0","0%","0%","0","0","0","0","0"
"*078r7*","Niklas Huson","(N/A)","G","G","","490","FA","18","1,000,000","FA","0","0%","0%","0","0","0","0","0"
"*01fx4*","Michael Hutchinson","(N/A)","G","G","","491","FA","36","1,000,000","FA","0","0%","0%","0","0","0","0","0"
"*05no2*","Fabio Iacobo","(N/A)","G","G","","492","FA","24","1,000,000","FA","0","0%","0%","0","0","0","0","0"
"*06idn*","Waltteri Ignatjew","(N/A)","G","G","","493","FA","26","1,000,000","FA","0","0%","0%","0","0","0","0","0"
"*01zs6*","Jonathan Iilahti","VAN","G","G","","494","FA","34","1,000,000","FA","0","0%","0%","0","0","0","0","0"
"*02z2z*","Andy Iles","(N/A)","G","G","","495","FA","34","1,000,000","FA","0","0%","0%","0","0","0","0","0"
"*048zj*","Jonah Imoo","LAK","G","G","","496","FA","32","1,000,000","FA","0","0%","0%","0","0","0","0","0"
"*04r0s*","Jacob Ingham","(N/A)","G","G","","497","FA","26","1,000,000","FA","0","0%","0%","0","0","0","0","0"
"*003hx*","Leland Irving","(N/A)","G","G","","498","FA","38","1,000,000","FA","0","0%","0%","0","0","0","0","0"
"*05a8k*","Daniil Isayev","(N/A)","G","G","","499","FA","26","1,000,000","FA","0","0%","0%","0","0","0","0","0"
"*03d04*","Mathias Israelsson","(N/A)","G","G","","500","FA","32","1,000,000","FA","0","0%","0%","0","0","0","0","0"
"*06gk1*","Jack Ivankovic","NSH","G","G","","501","ROO","19","0","MNR","0","29%","-4%","0","0","0","0","0"
"*03bqj*","Yevgeni Ivannikov","(N/A)","G","G","","502","FA","35","1,000,000","FA","0","0%","0%","0","0","0","0","0"
"*05yme*","Sergei Ivanov","CBJ","G","G","","503","mertin","22","0","MNR","0","13%","-2%","0","0","0","0","0"
"*076wk*","Yuri Ivanov","BOS","G","G","R","504","FA","18","1,000,000","FA","0","13%","-2%","0","0","0","0","0"
"*076kq*","Dmitri Ivchenko","VAN","G","G","R","505","FA","18","1,000,000","FA","0","5%","-1%","0","0","0","0","0"
"*04dlo*","Tanner Jaillet","(N/A)","G","G","","506","FA","33","1,000,000","FA","0","0%","0%","0","0","0","0","0"
"*01gjk*","Jaroslav Janus","(N/A)","G","G","","507","FA","37","1,000,000","FA","0","0%","0%","0","0","0","0","0"
"*03ajr*","Juha Jarvenpaa","(N/A)","G","G","","508","FA","37","1,000,000","FA","0","0%","0%","0","0","0","0","0"
"*078ci*","Arvin Jaswal","(N/A)","G","G","","509","FA","18","1,000,000","FA","0","0%","0%","0","0","0","0","0"
"*0642m*","Juha Jatkola","NSH","G","G","","510","FA","24","1,000,000","FA","0","2%","0%","0","0","0","0","0"
"*040zt*","Lars Johansson","(N/A)","G","G","","511","FA","39","1,000,000","FA","0","0%","0%","0","0","0","0","0"
"*03yjq*","Cam Johnson","PIT","G","G","","512","FA","32","1,000,000","FA","0","0%","0%","0","0","0","0","0"
"*01fj6*","Chad Johnson","(N/A)","G","G","","513","FA","40","1,000,000","FA","0","0%","0%","0","0","0","0","0"
"*05o4j*","Creed Jones","(N/A)","G","G","","514","FA","26","1,000,000","FA","0","0%","0%","0","0","0","0","0"
"*04ymx*","Hunter Jones","MTL","G","G","","515","FA","26","1,000,000","FA","0","1%","0%","0","0","0","0","0"
"*015qs*","Kyle Jones","SJS","G","G","","516","FA","43","1,000,000","FA","0","0%","0%","0","0","0","0","0"
"*015y8*","Martin Jones","(N/A)","G","G","","517","FA","36","1,000,000","FA","0","0%","0%","0","0","0","0","0"
"*04ak6*","Peyton Jones","MIN","G","G","","518","FA","30","1,000,000","FA","0","0%","0%","0","0","0","0","0"
"*062pr*","Samuel Jonsson","EDM","G","G","","519","FA","22","1,000,000","FA","0","7%","-1%","0","0","0","0","0"
"*076y8*","Zachary Jovanovski","CAR","G","G","R","520","FA","18","1,000,000","FA","0","2%","0%","0","0","0","0","0"
"*01o7r*","Torrie Jung","(N/A)","G","G","","521","FA","37","1,000,000","FA","0","0%","0%","0","0","0","0","0"
"*03to5*","Matt Jurusik","(N/A)","G","G","","522","FA","29","1,000,000","FA","0","0%","0%","0","0","0","0","0"
"*031v3*","Janne Juvonen","NSH","G","G","","523","FA","31","1,000,000","FA","0","0%","0%","0","0","0","0","0"
"*04ccu*","Karolus Kaarlehto","(N/A)","G","G","","524","FA","29","1,000,000","FA","0","0%","0%","0","0","0","0","0"
"*03yip*","Andreas Kaberg","(N/A)","G","G","","525","FA","29","1,000,000","FA","0","0%","0%","0","0","0","0","0"
"*060ga*","Corbin Kaczperski","(N/A)","G","G","","526","FA","30","1,000,000","FA","0","0%","0%","0","0","0","0","0"
"*03ec7*","Kaapo Kahkonen","MTL","G","G","","527","FA","30","1,000,000","FA","0","2%","0%","0","0","0","0","0"
"*04n73*","Zane Kalemba","(N/A)","G","G","","528","FA","40","1,000,000","FA","0","0%","0%","0","0","0","0","0"
"*03rjf*","Erik Kallgren","(N/A)","G","G","","529","FA","29","1,000,000","FA","0","1%","0%","0","0","0","0","0"
"*04cmw*","Janis Kalnins","(N/A)","G","G","","530","FA","34","1,000,000","FA","0","0%","0%","0","0","0","0","0"
"*072d9*","Ralfs Kalnins","(N/A)","G","G","","531","FA","20","1,000,000","FA","0","0%","0%","0","0","0","0","0"
"*06xxb*","Ilya Kanarsky","CHI","G","G","","532","FA","21","1,000,000","FA","0","2%","0%","0","0","0","0","0"
"*077wn*","Matvei Karbainov","(N/A)","G","G","","533","FA","18","1,000,000","FA","0","0%","0%","0","0","0","0","0"
"*04ayj*","Andrei Kareyev","(N/A)","G","G","","534","FA","31","1,000,000","FA","0","0%","0%","0","0","0","0","0"
"*040db*","Tomi Karhunen","(N/A)","G","G","","535","FA","36","1,000,000","FA","0","0%","0%","0","0","0","0","0"
"*04tjs*","Keegan Karki","(N/A)","G","G","","536","FA","26","1,000,000","FA","0","0%","0%","0","0","0","0","0"
"*01h9a*","Henrik Karlsson","(N/A)","G","G","","537","FA","42","1,000,000","FA","0","0%","0%","0","0","0","0","0"
"*02j7g*","Paul Karpowich","(N/A)","G","G","","538","FA","37","1,000,000","FA","0","0%","0%","0","0","0","0","0"
"*02g1f*","Jason Kasdorf","(N/A)","G","G","","539","FA","34","1,000,000","FA","0","0%","0%","0","0","0","0","0"
"*03ysr*","Libor Kasik","(N/A)","G","G","","540","FA","34","1,000,000","FA","0","0%","0%","0","0","0","0","0"
"*03aew*","Kasimir Kaskisuo","BOS","G","G","","541","FA","32","1,000,000","FA","0","0%","0%","0","0","0","0","0"
"*06kkw*","Jan Kavan","(N/A)","G","G","","542","FA","21","1,000,000","FA","0","0%","0%","0","0","0","0","0"
"*003hz*","Matt Keetley","(N/A)","G","G","","543","FA","40","1,000,000","FA","0","0%","0%","0","0","0","0","0"
"*06ce2*","Antoine Keller","WSH","G","G","","544","FA","21","1,000,000","FA","0","1%","0%","0","0","0","0","0"
"*066kv*","Kyle Kelsey","(N/A)","G","G","","545","FA","22","1,000,000","FA","0","0%","0%","0","0","0","0","0"
"*06mbc*","Nicholas Kempf","WSH","G","G","","546","FA","20","1,000,000","FA","0","4%","0%","0","0","0","0","0"
"*05uah*","Remington Keopple","(N/A)","G","G","","547","FA","24","1,000,000","FA","0","0%","0%","0","0","0","0","0"
"*06tdp*","Patrik Kerkola","(N/A)","G","G","","548","FA","19","1,000,000","FA","0","0%","0%","0","0","0","0","0"
"*04l8r*","Kyle Keyser","SJS","G","G","","549","FA","27","1,000,000","FA","0","0%","0%","0","0","0","0","0"
"*06c31*","Ruslan Khazheyev","CAR","G","G","","550","FA","21","1,000,000","FA","0","4%","0%","0","0","0","0","0"
"*04llw*","Jake Kielly","(N/A)","G","G","","551","FA","30","1,000,000","FA","0","0%","0%","0","0","0","0","0"
"*06c99*","Thomas Kiesewetter","(N/A)","G","G","","552","FA","21","1,000,000","FA","0","0%","0%","0","0","0","0","0"
"*01tey*","Patrick Killeen","(N/A)","G","G","","553","FA","36","1,000,000","FA","0","0%","0%","0","0","0","0","0"
"*026kh*","Eero Kilpelainen","(N/A)","G","G","","554","FA","41","1,000,000","FA","0","0%","0%","0","0","0","0","0"
"*025z4*","Keith Kinkaid","NYI","G","G","","555","FA","37","1,000,000","FA","0","0%","0%","0","0","0","0","0"
"*06hcv*","Christian Kirsch","SJS","G","G","","556","FA","20","1,000,000","FA","0","3%","0%","0","0","0","0","0"
"*02o85*","Henri Kiviaho","(N/A)","G","G","","557","FA","32","1,000,000","FA","0","0%","0%","0","0","0","0","0"
"*04m5x*","Brandon Klein","(N/A)","G","G","","558","FA","32","1,000,000","FA","0","0%","0%","0","0","0","0","0"
"*04r1n*","Milan Kloucek","NSH","G","G","","559","FA","28","1,000,000","FA","0","0%","0%","0","0","0","0","0"
"*02g1j*","Connor Knapp","(N/A)","G","G","","560","FA","36","1,000,000","FA","0","0%","0%","0","0","0","0","0"
"*072z3*","Brady Knowling","SJS","G","G","R","561","FA","18","1,000,000","FA","0","12%","-2%","0","0","0","0","0"
"*03a8k*","Ville Kolppanen","(N/A)","G","G","","562","FA","34","1,000,000","FA","0","0%","0%","0","0","0","0","0"
"*05y3h*","Kyle Konin","TBL","G","G","","563","FA","28","1,000,000","FA","0","0%","0%","0","0","0","0","0"
"*06nk9*","Semyon Konopsky","(N/A)","G","G","","564","FA","20","1,000,000","FA","0","0%","0%","0","0","0","0","0"
"*04xu7*","Ilya Konovalov","EDM","G","G","","565","FA","28","1,000,000","FA","0","1%","0%","0","0","0","0","0"
"*003pf*","Logan Koopmans","(N/A)","G","G","","566","FA","42","1,000,000","FA","0","0%","0%","0","0","0","0","0"
"*04r1j*","Jordan Kooy","VGK","G","G","","567","FA","26","1,000,000","FA","0","0%","0%","0","0","0","0","0"
"*06rli*","Jan Korec","(N/A)","G","G","","568","FA","21","1,000,000","FA","0","0%","0%","0","0","0","0","0"
"*043vw*","Josef Korenar","UTA","G","G","","569","FA","28","1,000,000","FA","0","1%","0%","0","0","0","0","0"
"*05u60*","Rasmus Korhonen","UTA","G","G","","570","FA","23","1,000,000","FA","0","1%","0%","0","0","0","0","0"
"*06mqu*","Yaroslav Korostelyov","SJS","G","G","","571","FA","21","1,000,000","FA","0","2%","0%","0","0","0","0","0"
"*06qha*","Cameron Korpi","(N/A)","G","G","","572","FA","22","1,000,000","FA","0","0%","0%","0","0","0","0","0"
"*04aoh*","Vasily Koshechkin","(N/A)","G","G","","573","FA","43","1,000,000","FA","0","0%","0%","0","0","0","0","0"
"*05u3h*","Aku Koskenvuo","VAN","G","G","","574","FA","23","1,000,000","FA","0","2%","0%","0","0","0","0","0"
"*01f6b*","Mikko Koskinen","(N/A)","G","G","","575","FA","38","1,000,000","FA","0","0%","0%","0","0","0","0","0"
"*04z1g*","Nick Kossoff","(N/A)","G","G","","576","FA","30","1,000,000","FA","0","0%","0%","0","0","0","0","0"
"*02pk0*","Sergei Kostenko","WSH","G","G","","577","FA","33","1,000,000","FA","0","0%","0%","0","0","0","0","0"
"*03lmz*","Denis Kostin","(N/A)","G","G","","578","FA","31","1,000,000","FA","0","0%","0%","0","0","0","0","0"
"*070dg*","Joshua Kotai","NYI","G","G","","579","FA","23","1,000,000","FA","0","3%","0%","0","0","0","0","0"
"*02jq1*","Jakub Kovar","PHI","G","G","","580","FA","38","1,000,000","FA","0","0%","0%","0","0","0","0","0"
"*04ycv*","Justin Kowalkoski","(N/A)","G","G","","581","FA","40","1,000,000","FA","0","0%","0%","0","0","0","0","0"
"*05rzj*","Trevin Kozlowski","MIN","G","G","","582","FA","29","1,000,000","FA","0","0%","0%","0","0","0","0","0"
"*03p3j*","Taran Kozun","(N/A)","G","G","","583","FA","32","1,000,000","FA","0","0%","0%","0","0","0","0","0"
"*079wo*","Yegor Kramzin","(N/A)","G","G","","584","FA","21","1,000,000","FA","0","0%","0%","0","0","0","0","0"
"*047gs*","Alexei Krasikov","(N/A)","G","G","","585","FA","30","1,000,000","FA","0","0%","0%","0","0","0","0","0"
"*06uvg*","Jayden Kraus","COL","G","G","","586","FA","19","1,000,000","FA","0","0%","0%","0","0","0","0","0"
"*06kv5*","Ben Kraws","(N/A)","G","G","","587","FA","26","1,000,000","FA","0","0%","0%","0","0","0","0","0"
"*072nb*","Jakub Krbecek","(N/A)","G","G","","588","FA","23","1,000,000","FA","0","0%","0%","0","0","0","0","0"
"*04aj4*","Kasper Krog","(N/A)","G","G","","589","FA","28","1,000,000","FA","0","0%","0%","0","0","0","0","0"
"*05x1f*","Ethan Kruger","EDM","G","G","","590","FA","24","1,000,000","FA","0","0%","0%","0","0","0","0","0"
"*03rxm*","James Kruger","(N/A)","G","G","","591","FA","34","1,000,000","FA","0","0%","0%","0","0","0","0","0"
"*04r1a*","Jacob Kucharski","CAR","G","G","","592","FA","27","1,000,000","FA","0","0%","0%","0","0","0","0","0"
"*04gx0*","Ivan Kulbakov","(N/A)","G","G","","593","FA","30","1,000,000","FA","0","0%","0%","0","0","0","0","0"
"*03rjp*","John Kupsky","SJS","G","G","","594","FA","30","1,000,000","FA","0","0%","0%","0","0","0","0","0"
"*04f27*","Petr Kvaca","(N/A)","G","G","","595","FA","29","1,000,000","FA","0","0%","0%","0","0","0","0","0"
"*06h9b*","Jari Kykkanen","CGY","G","G","","596","FA","22","1,000,000","FA","0","0%","0%","0","0","0","0","0"
"*004kn*","Loic Lacasse","(N/A)","G","G","","600","FA","40","1,000,000","FA","0","0%","0%","0","0","0","0","0"
"*072ya*","William Lacelle","(N/A)","G","G","","601","FA","18","1,000,000","FA","0","1%","0%","0","0","0","0","0"
"*004kp*","Dan LaCosta","(N/A)","G","G","","597","FA","40","1,000,000","FA","0","0%","0%","0","0","0","0","0"
"*0598m*","Connor LaCouvee","MTL","G","G","","598","FA","32","1,000,000","FA","0","0%","0%","0","0","0","0","0"
"*015qq*","Antoine LaFleur","NYR","G","G","","599","FA","37","1,000,000","FA","0","0%","0%","0","0","0","0","0"
"*03yf8*","Jack Lafontaine","SEA","G","G","","602","FA","28","1,000,000","FA","0","1%","0%","0","0","0","0","0"
"*02oxu*","Maxime Lagace","(N/A)","G","G","","603","FA","33","1,000,000","FA","0","0%","0%","0","0","0","0","0"
"*004ml*","Kevin Lalande","(N/A)","G","G","","604","FA","39","1,000,000","FA","0","0%","0%","0","0","0","0","0"
"*060y5*","Nolan Lalonde","CBJ","G","G","","605","FA","22","1,000,000","FA","0","1%","0%","0","0","0","0","0"
"*01gka*","Jean-Philippe Lamoureux","CGY","G","G","","606","FA","42","1,000,000","FA","0","0%","0%","0","0","0","0","0"
"*06808*","Jani Lampinen","(N/A)","G","G","","607","FA","23","1,000,000","FA","0","0%","0%","0","0","0","0","0"
"*06tag*","Mathis Langevin","COL","G","G","","608","FA","20","1,000,000","FA","0","0%","0%","0","0","0","0","0"
"*02odk*","Marek Langhamer","(N/A)","G","G","","609","FA","32","1,000,000","FA","0","0%","0%","0","0","0","0","0"
"*038st*","Cam Lanigan","DET","G","G","","610","FA","34","1,000,000","FA","0","0%","0%","0","0","0","0","0"
"*05u61*","Francesco Lapenna","MTL","G","G","","611","FA","24","1,000,000","FA","0","0%","0%","0","0","0","0","0"
"*03roc*","Ryan Larkin","(N/A)","G","G","","612","FA","29","1,000,000","FA","0","0%","0%","0","0","0","0","0"
"*049ld*","Emil Larmi","(N/A)","G","G","","613","FA","29","1,000,000","FA","0","0%","0%","0","0","0","0","0"
"*015sm*","Daniel Larsson","(N/A)","G","G","","614","FA","40","1,000,000","FA","0","0%","0%","0","0","0","0","0"
"*042yj*","Filip Larsson","(N/A)","G","G","","615","FA","28","1,000,000","FA","0","1%","0%","0","0","0","0","0"
"*076qc*","Jan Larys","(N/A)","G","G","","616","FA","18","1,000,000","FA","0","0%","0%","0","0","0","0","0"
"*03nq4*","Joel Lassinantti","(N/A)","G","G","","617","FA","33","1,000,000","FA","0","0%","0%","0","0","0","0","0"
"*05rky*","Simon Latkoczy","(N/A)","G","G","","618","FA","24","1,000,000","FA","0","0%","0%","0","0","0","0","0"
"*03afd*","Eetu Laurikainen","(N/A)","G","G","","619","FA","33","1,000,000","FA","0","0%","0%","0","0","0","0","0"
"*03ee2*","Hayden Lavigne","(N/A)","G","G","","620","FA","30","1,000,000","FA","0","0%","0%","0","0","0","0","0"
"*01hw3*","Nathan Lawson","(N/A)","G","G","","621","FA","42","1,000,000","FA","0","0%","0%","0","0","0","0","0"
"*061sy*","Patrick Leaver","(N/A)","G","G","","622","FA","23","1,000,000","FA","0","0%","0%","0","0","0","0","0"
"*05ymw*","Daniel Lebedeff","(N/A)","G","G","","623","FA","27","1,000,000","FA","0","0%","0%","0","0","0","0","0"
"*01gji*","Mike Lee","(N/A)","G","G","","624","FA","35","1,000,000","FA","0","0%","0%","0","0","0","0","0"
"*06jhg*","Ryerson Leenders","BUF","G","G","","625","FA","20","1,000,000","FA","0","5%","-1%","0","0","0","0","0"
"*02418*","David Leggio","(N/A)","G","G","","626","FA","42","1,000,000","FA","0","0%","0%","0","0","0","0","0"
"*0733d*","Lassi Lehti","(N/A)","G","G","","627","FA","24","1,000,000","FA","0","0%","0%","0","0","0","0","0"
"*04fpt*","Lassi Lehtinen","(N/A)","G","G","","628","FA","27","1,000,000","FA","0","0%","0%","0","0","0","0","0"
"*003ew*","Kari Lehtonen","(N/A)","G","G","","629","FA","42","1,000,000","FA","0","0%","0%","0","0","0","0","0"
"*05ylu*","Topias Leinonen","BUF","G","G","","630","FA","22","1,000,000","FA","0","11%","-1%","0","0","0","0","0"
"*04aau*","Stefanos Lekkas","(N/A)","G","G","","631","FA","30","1,000,000","FA","0","0%","0%","0","0","0","0","0"
"*065b3*","Jonathan Lemieux","VAN","G","G","","632","FA","25","1,000,000","FA","0","0%","0%","0","0","0","0","0"
"*076wo*","Elliot Lennon","OTT","G","G","R","633","FA","18","1,000,000","FA","0","2%","0%","0","0","0","0","0"
"*05r2h*","Tristan Lennox","(N/A)","G","G","","634","FA","23","1,000,000","FA","0","2%","-1%","0","0","0","0","0"
"*01gkd*","Jeff Lerg","(N/A)","G","G","","635","FA","40","1,000,000","FA","0","0%","0%","0","0","0","0","0"
"*05grz*","John Lethemon","(N/A)","G","G","","636","FA","30","1,000,000","FA","0","0%","0%","0","0","0","0","0"
"*003di*","Jean-Philippe Levasseur","(N/A)","G","G","","637","FA","39","1,000,000","FA","0","0%","0%","0","0","0","0","0"
"*0385v*","Eric Levine","(N/A)","G","G","","638","FA","37","1,000,000","FA","0","0%","0%","0","0","0","0","0"
"*079wp*","Alexander Levshyn","VGK","G","G","","639","FA","20","1,000,000","FA","0","0%","0%","0","0","0","0","0"
"*03yqd*","Thomas Lillie","(N/A)","G","G","","640","FA","30","1,000,000","FA","0","0%","0%","0","0","0","0","0"
"*01uo8*","Anders Lindback","(N/A)","G","G","","641","FA","38","1,000,000","FA","0","0%","0%","0","0","0","0","0"
"*051jt*","Filip Lindberg","(N/A)","G","G","","642","FA","27","1,000,000","FA","0","0%","0%","0","0","0","0","0"
"*05tpb*","Carl Lindbom","VGK","G","G","","643","FA","23","1,000,000","FA","0","18%","-3%","0","0","0","0","0"
"*04qxz*","Olof Lindbom","(N/A)","G","G","","644","FA","26","1,000,000","FA","0","1%","0%","0","0","0","0","0"
"*074im*","Jack Lisson","(N/A)","G","G","","645","FA","20","1,000,000","FA","0","0%","0%","0","0","0","0","0"
"*02h1v*","Liam Liston","(N/A)","G","G","","646","FA","33","1,000,000","FA","0","0%","0%","0","0","0","0","0"
"*0321l*","Austin Lotz","(N/A)","G","G","","647","FA","31","1,000,000","FA","0","0%","0%","0","0","0","0","0"
"*06md2*","Veeti Louhivaara","NJD","G","G","","648","FA","20","1,000,000","FA","0","1%","0%","0","0","0","0","0"
"*03m0o*","Ryan Lowe","(N/A)","G","G","","649","FA","42","1,000,000","FA","0","0%","0%","0","0","0","0","0"
"*06c52*","Max Lundgren","BOS","G","G","","650","FA","24","1,000,000","FA","0","2%","0%","0","0","0","0","0"
"*02fzs*","Niklas Lundstrom","(N/A)","G","G","","651","FA","33","1,000,000","FA","0","0%","0%","0","0","0","0","0"
"*004kv*","Daren Machesney","CBJ","G","G","","652","FA","39","1,000,000","FA","0","0%","0%","0","0","0","0","0"
"*02y8x*","Matej Machovsky","(N/A)","G","G","","653","FA","33","1,000,000","FA","0","0%","0%","0","0","0","0","0"
"*038n6*","Rob Madore","TOR","G","G","","654","FA","38","1,000,000","FA","0","0%","0%","0","0","0","0","0"
"*031sh*","Merrick Madsen","(N/A)","G","G","","655","FA","31","1,000,000","FA","0","0%","0%","0","0","0","0","0"
"*02o7f*","Sean Maguire","(N/A)","G","G","","656","FA","33","1,000,000","FA","0","0%","0%","0","0","0","0","0"
"*02fmh*","Matt Mahalak","(N/A)","G","G","","657","FA","33","1,000,000","FA","0","0%","0%","0","0","0","0","0"
"*05o70*","Nolan Maier","BOS","G","G","","658","FA","25","1,000,000","FA","0","0%","0%","0","0","0","0","0"
"*02h7p*","Andrey Makarov","(N/A)","G","G","","659","FA","33","1,000,000","FA","0","0%","0%","0","0","0","0","0"
"*04f20*","Eetu Makiniemi","PHI","G","G","","660","FA","27","1,000,000","FA","0","1%","0%","0","0","0","0","0"
"*05uf1*","Jakub Malek","NJD","G","G","","661","FA","24","1,000,000","FA","0","5%","-1%","0","0","0","0","0"
"*05k9c*","Nick Malik","TBL","G","G","","662","FA","24","1,000,000","FA","0","2%","0%","0","0","0","0","0"
"*03klw*","Matthew Mancina","DET","G","G","","663","FA","30","1,000,000","FA","0","0%","0%","0","0","0","0","0"
"*04ld5*","Kevin Mandolese","MTL","G","G","","664","FA","26","1,000,000","FA","0","1%","0%","0","0","0","0","0"
"*060y4*","Axel Mangbo","(N/A)","G","G","","665","FA","23","1,000,000","FA","0","0%","0%","0","0","0","0","0"
"*05nfp*","Strauss Mann","MTL","G","G","","666","FA","28","1,000,000","FA","0","1%","0%","0","0","0","0","0"
"*065h3*","Daniel Mannella","(N/A)","G","G","","667","FA","31","1,000,000","FA","0","0%","0%","0","0","0","0","0"
"*03yct*","Chase Marchand","(N/A)","G","G","","668","FA","30","1,000,000","FA","0","0%","0%","0","0","0","0","0"
"*02y8z*","Etienne Marcoux","(N/A)","G","G","","669","FA","32","1,000,000","FA","0","0%","0%","0","0","0","0","0"
"*06lv5*","Matyas Marik","(N/A)","G","G","","670","FA","20","1,000,000","FA","0","0%","0%","0","0","0","0","0"
"*06yym*","Matej Marinov","(N/A)","G","G","","671","FA","23","1,000,000","FA","0","0%","0%","0","0","0","0","0"
"*05oj9*","Juho Markkanen","LAK","G","G","","672","FA","24","1,000,000","FA","0","1%","0%","0","0","0","0","0"
"*0433a*","Daniel Marmenlind","(N/A)","G","G","","673","FA","28","1,000,000","FA","0","0%","0%","0","0","0","0","0"
"*05ra6*","Francis Marotte","SEA","G","G","","674","FA","31","1,000,000","FA","0","0%","0%","0","0","0","0","0"
"*003ms*","Steve Mason","(N/A)","G","G","","675","FA","38","1,000,000","FA","0","0%","0%","0","0","0","0","0"
"*048zl*","Ryan Massa","TOR","G","G","","676","FA","36","1,000,000","FA","0","0%","0%","0","0","0","0","0"
"*0251a*","Antonio Mastropietro","(N/A)","G","G","","677","FA","35","1,000,000","FA","0","0%","0%","0","0","0","0","0"
"*06c3w*","Lukas Matecha","(N/A)","G","G","","678","FA","21","1,000,000","FA","0","0%","0%","0","0","0","0","0"
"*02fnk*","Johan Mattsson","(N/A)","G","G","","679","FA","34","1,000,000","FA","0","0%","0%","0","0","0","0","0"
"*079wq*","Nils Maurins","(N/A)","G","G","","680","FA","20","1,000,000","FA","0","0%","0%","0","0","0","0","0"
"*020f7*","Brandon Maxwell","(N/A)","G","G","","681","FA","35","1,000,000","FA","0","0%","0%","0","0","0","0","0"
"*0622q*","Maxim Mayorov","DAL","G","G","","682","FA","22","1,000,000","FA","0","2%","0%","0","0","0","0","0"
"*02ob5*","Marek Mazanec","(N/A)","G","G","","683","FA","35","1,000,000","FA","0","0%","0%","0","0","0","0","0"
"*06809*","Kaidan Mbereko","TOR","G","G","","684","FA","23","1,000,000","FA","0","0%","0%","0","0","0","0","0"
"*031ou*","Eamon McAdam","TBL","G","G","","685","FA","32","1,000,000","FA","0","0%","0%","0","0","0","0","0"
"*03scu*","Nick McBride","(N/A)","G","G","","686","FA","29","1,000,000","FA","0","0%","0%","0","0","0","0","0"
"*06iag*","Kyle McClellan","MIN","G","G","","687","FA","27","1,000,000","FA","0","0%","0%","0","0","0","0","0"
"*015ou*","Tom McCollum","NYR","G","G","","688","FA","36","1,000,000","FA","0","0%","0%","0","0","0","0","0"
"*03ean*","Mason McDonald","(N/A)","G","G","","689","FA","30","1,000,000","FA","0","0%","0%","0","0","0","0","0"
"*03yg1*","Rob McGovern","(N/A)","G","G","","690","FA","31","1,000,000","FA","0","0%","0%","0","0","0","0","0"
"*04y47*","Gavin McHale","(N/A)","G","G","","691","FA","38","1,000,000","FA","0","0%","0%","0","0","0","0","0"
"*01zrv*","Zane McIntyre","MIN","G","G","","692","FA","34","1,000,000","FA","0","0%","0%","0","0","0","0","0"
"*06pop*","Michael McIvor","ANA","G","G","","693","FA","20","1,000,000","FA","0","0%","0%","0","0","0","0","0"
"*052il*","Dryden McKay","UTA","G","G","","694","FA","28","1,000,000","FA","0","0%","0%","0","0","0","0","0"
"*02yhh*","Ryan McKay","(N/A)","G","G","","695","FA","34","1,000,000","FA","0","0%","0%","0","0","0","0","0"
"*029jc*","Matt McNeely","(N/A)","G","G","","696","FA","33","1,000,000","FA","0","0%","0%","0","0","0","0","0"
"*03ry7*","Michael McNiven","MTL","G","G","","697","FA","29","1,000,000","FA","0","0%","0%","0","0","0","0","0"
"*06rmr*","Alexei Medvedev","VAN","G","G","","698","M.M","19","0","MNR","0","20%","-3%","0","0","0","0","0"
"*03kgw*","Ben Meisner","(N/A)","G","G","","699","FA","36","1,000,000","FA","0","0%","0%","0","0","0","0","0"
"*059tc*","Alexei Melnichuk","TBL","G","G","","700","FA","28","1,000,000","FA","0","0%","0%","0","0","0","0","0"
"*06tak*","Samuel Meloche","BUF","G","G","","701","FA","19","1,000,000","FA","0","2%","0%","0","0","0","0","0"
"*067xe*","Harrison Meneghin","TBL","G","G","","702","FA","22","1,000,000","FA","0","2%","0%","0","0","0","0","0"
"*065g1*","Riley Mercer","MIN","G","G","","703","FA","22","1,000,000","FA","0","2%","0%","0","0","0","0","0"
"*03rjb*","Garrett Metcalf","(N/A)","G","G","","704","FA","30","1,000,000","FA","0","0%","0%","0","0","0","0","0"
"*04duu*","Juha Metsola","(N/A)","G","G","","705","FA","37","1,000,000","FA","0","0%","0%","0","0","0","0","0"
"*06bnm*","Tim Metzger","(N/A)","G","G","","706","FA","21","1,000,000","FA","0","0%","0%","0","0","0","0","0"
"*060o0*","Karlis Mezsargs","(N/A)","G","G","","707","FA","22","1,000,000","FA","0","0%","0%","0","0","0","0","0"
"*02fze*","Steve Michalek","(N/A)","G","G","","708","FA","33","1,000,000","FA","0","0%","0%","0","0","0","0","0"
"*06xxu*","Yegor Midlak","FLA","G","G","","709","FA","19","1,000,000","FA","0","1%","0%","0","0","0","0","0"
"*04rdr*","Amir Miftakhov","(N/A)","G","G","","710","FA","26","1,000,000","FA","0","2%","0%","0","0","0","0","0"
"*024d9*","Corey Milan","(N/A)","G","G","","711","FA","40","1,000,000","FA","0","0%","0%","0","0","0","0","0"
"*06uvo*","Anders Miller","(N/A)","G","G","","712","FA","19","1,000,000","FA","0","0%","0%","0","0","0","0","0"
"*06mj1*","Landon Miller","DET","G","G","","713","FA","20","1,000,000","FA","0","2%","0%","0","0","0","0","0"
"*068z0*","Quentin Miller","MTL","G","G","","714","FA","21","1,000,000","FA","0","3%","0%","0","0","0","0","0"
"*02iua*","Parker Milner","WSH","G","G","","715","FA","36","1,000,000","FA","0","0%","0%","0","0","0","0","0"
"*06mp3*","Jakub Milota","NSH","G","G","","716","FA","20","1,000,000","FA","0","3%","0%","0","0","0","0","0"
"*072g1*","Matthew Minchak","VGK","G","G","R","717","FA","19","1,000,000","FA","0","1%","0%","0","0","0","0","0"
"*03dhp*","Edwin Minney","(N/A)","G","G","","718","FA","30","1,000,000","FA","0","0%","0%","0","0","0","0","0"
"*06kyy*","Brett Mirwald","(N/A)","G","G","","719","FA","23","1,000,000","FA","0","0%","0%","0","0","0","0","0"
"*04atw*","Hunter Miska","COL","G","G","","720","FA","31","1,000,000","FA","0","0%","0%","0","0","0","0","0"
"*01fwz*","Jason Missiaen","(N/A)","G","G","","721","FA","36","1,000,000","FA","0","0%","0%","0","0","0","0","0"
"*05rkw*","Mareks Mitens","NJD","G","G","","722","FA","28","1,000,000","FA","0","0%","0%","0","0","0","0","0"
"*01uoe*","Mattias Modig","(N/A)","G","G","","723","FA","39","1,000,000","FA","0","0%","0%","0","0","0","0","0"
"*04mme*","Jared Moe","(N/A)","G","G","","724","FA","27","1,000,000","FA","0","0%","0%","0","0","0","0","0"
"*0040v*","Al Montoya","(N/A)","G","G","","725","FA","41","1,000,000","FA","0","0%","0%","0","0","0","0","0"
"*04ma3*","Etienne Montpetit","(N/A)","G","G","","726","FA","29","1,000,000","FA","0","0%","0%","0","0","0","0","0"
"*06l25*","Cole Moore","(N/A)","G","G","","727","FA","23","1,000,000","FA","0","0%","0%","0","0","0","0","0"
"*03d13*","Brent Moran","NYI","G","G","","728","FA","30","1,000,000","FA","0","0%","0%","0","0","0","0","0"
"*03ry9*","Cale Morris","CHI","G","G","","729","FA","30","1,000,000","FA","0","0%","0%","0","0","0","0","0"
"*01mzl*","Adam Morrison","(N/A)","G","G","","730","FA","35","1,000,000","FA","0","0%","0%","0","0","0","0","0"
"*03ry6*","Jake Morrissey","(N/A)","G","G","","731","FA","29","1,000,000","FA","0","0%","0%","0","0","0","0","0"
"*0744c*","Ashton Morrow","(N/A)","G","G","","732","FA","17","1,000,000","FA","0","0%","0%","0","0","0","0","0"
"*05uw1*","Maxim Motorygin","(N/A)","G","G","","733","FA","23","1,000,000","FA","0","1%","0%","0","0","0","0","0"
"*03ai8*","C.J. Motte","(N/A)","G","G","","734","FA","34","1,000,000","FA","0","0%","0%","0","0","0","0","0"
"*06c9i*","Pavel Moysevich","VGK","G","G","","735","mertin","21","0","MNR","0","10%","-2%","0","0","0","0","0"
"*03bfl*","Kurtis Mucha","(N/A)","G","G","","736","FA","37","1,000,000","FA","0","0%","0%","0","0","0","0","0"
"*065xh*","Jacob Mucitelli","(N/A)","G","G","","737","FA","26","1,000,000","FA","0","0%","0%","0","0","0","0","0"
"*06hwh*","Derek Mullahy","(N/A)","G","G","","738","FA","25","1,000,000","FA","0","0%","0%","0","0","0","0","0"
"*06mjq*","Teodor Munther","(N/A)","G","G","","739","FA","20","1,000,000","FA","0","0%","0%","0","0","0","0","0"
"*06h9a*","Connor Murphy","(N/A)","G","G","","740","FA","28","1,000,000","FA","0","0%","0%","0","0","0","0","0"
"*01c9n*","Mike Murphy","(N/A)","G","G","","741","FA","37","1,000,000","FA","0","0%","0%","0","0","0","0","0"
"*03zd0*","Jamie Murray","SJS","G","G","","742","FA","35","1,000,000","FA","0","0%","0%","0","0","0","0","0"
"*04lok*","Matthew Murray","NSH","G","G","","743","FA","28","1,000,000","FA","0","2%","0%","0","0","0","0","0"
"*02k1e*","John Muse","(N/A)","G","G","","744","FA","38","1,000,000","FA","0","0%","0%","0","0","0","0","0"
"*06bnh*","Carsen Musser","UTA","G","G","","745","FA","21","1,000,000","FA","0","1%","0%","0","0","0","0","0"
"*060nx*","Tyler Muszelik","FLA","G","G","","746","FA","22","1,000,000","FA","0","3%","0%","0","0","0","0","0"
"*05uu7*","Jesper Myrenberg","(N/A)","G","G","","747","FA","26","1,000,000","FA","0","0%","0%","0","0","0","0","0"
"*06j7t*","Ilya Nabokov","COL","G","G","","748","Wags8210","23","0","MNR","0","34%","-3%","0","0","0","0","0"
"*03ec9*","Zachary Nagelvoort","EDM","G","G","","749","FA","32","1,000,000","FA","0","0%","0%","0","0","0","0","0"
"*025z5*","Pat Nagle","(N/A)","G","G","","750","FA","39","1,000,000","FA","0","0%","0%","0","0","0","0","0"
"*03e1s*","Ivan Nalimov","(N/A)","G","G","","751","FA","32","1,000,000","FA","0","0%","0%","0","0","0","0","0"
"*049vj*","Tommy Nappier","PIT","G","G","","752","FA","28","1,000,000","FA","0","0%","0%","0","0","0","0","0"
"*003jg*","Kevin Nastiuk","(N/A)","G","G","","753","FA","41","1,000,000","FA","0","0%","0%","0","0","0","0","0"
"*05ugo*","Yegor Naumov","CAR","G","G","","754","FA","23","1,000,000","FA","0","1%","0%","0","0","0","0","0"
"*051uv*","Logan Neaton","(N/A)","G","G","","755","FA","27","1,000,000","FA","0","0%","0%","0","0","0","0","0"
"*06ce1*","Martin Neckar","(N/A)","G","G","","756","FA","21","1,000,000","FA","0","0%","0%","0","0","0","0","0"
"*03xyo*","Chris Nell","(N/A)","G","G","","757","FA","32","1,000,000","FA","0","0%","0%","0","0","0","0","0"
"*06tax*","Elijah Neuenschwander","ANA","G","G","","758","FA","19","1,000,000","FA","0","3%","0%","0","0","0","0","0"
"*004co*","Michal Neuvirth","(N/A)","G","G","","759","FA","38","1,000,000","FA","0","0%","0%","0","0","0","0","0"
"*03cza*","Justin Nichols","(N/A)","G","G","","760","FA","31","1,000,000","FA","0","0%","0%","0","0","0","0","0"
"*06iay*","Dustin Nickel","CGY","G","G","","761","FA","35","1,000,000","FA","0","0%","0%","0","0","0","0","0"
"*02yxa*","Mathias Niederberger","LAK","G","G","","762","FA","33","1,000,000","FA","0","0%","0%","0","0","0","0","0"
"*06cld*","Vladimir Nikitin","OTT","G","G","","763","FA","21","1,000,000","FA","0","1%","0%","0","0","0","0","0"
"*07a2x*","Ilja Nikitins","(N/A)","G","G","","1157","FA","17","1,000,000","FA","0","0%","0%","0","0","0","0","0"
"*05n0c*","Dmitri Nikolayev","(N/A)","G","G","","764","FA","26","1,000,000","FA","0","0%","0%","0","0","0","0","0"
"*076y0*","Matvei Nikonovich","PIT","G","G","R","765","FA","18","1,000,000","FA","0","2%","0%","0","0","0","0","0"
"*06nkb*","Nikolai Nikulshin","(N/A)","G","G","","766","FA","21","1,000,000","FA","0","0%","0%","0","0","0","0","0"
"*077wl*","Douglas Nilsson","(N/A)","G","G","","767","FA","18","1,000,000","FA","0","0%","0%","0","0","0","0","0"
"*051us*","Frederik Nissen Dichow","MTL","G","G","","768","FA","25","1,000,000","FA","0","1%","0%","0","0","0","0","0"
"*06r67*","Tobias Normann","(N/A)","G","G","","769","FA","25","1,000,000","FA","0","0%","0%","0","0","0","0","0"
"*072em*","Nikita Novosyolov","COL","G","G","","770","FA","22","1,000,000","FA","0","1%","0%","0","0","0","0","0"
"*03etc*","Melvin Nyffeler","(N/A)","G","G","","771","FA","31","1,000,000","FA","0","0%","0%","0","0","0","0","0"
"*06mja*","Axel Nyman","(N/A)","G","G","","772","FA","20","1,000,000","FA","0","0%","0%","0","0","0","0","0"
"*05ykf*","Paris O'Brien","(N/A)","G","G","","773","FA","26","1,000,000","FA","0","0%","0%","0","0","0","0","0"
"*06mpf*","Timofei Obvintsev","TOR","G","G","","775","FA","21","1,000,000","FA","0","2%","0%","0","0","0","0","0"
"*03ajq*","Matt O'Connor","(N/A)","G","G","","774","FA","34","1,000,000","FA","0","0%","0%","0","0","0","0","0"
"*060xv*","Andrew Oke","(N/A)","G","G","","776","FA","22","1,000,000","FA","0","0%","0%","0","0","0","0","0"
"*03rio*","Kristian Oldham","TBL","G","G","","777","FA","29","1,000,000","FA","0","0%","0%","0","0","0","0","0"
"*02ycg*","Juho Olkinuora","(N/A)","G","G","","778","FA","35","1,000,000","FA","0","0%","0%","0","0","0","0","0"
"*05ojb*","Hugo Ollas","(N/A)","G","G","","779","FA","24","1,000,000","FA","0","1%","0%","0","0","0","0","0"
"*02oan*","Collin Olson","CAR","G","G","","780","FA","32","1,000,000","FA","0","0%","0%","0","0","0","0","0"
"*06oxs*","Eric Olsson","(N/A)","G","G","","781","FA","20","1,000,000","FA","0","0%","0%","0","0","0","0","0"
"*06awe*","Matt Onuska","TOR","G","G","","782","FA","24","1,000,000","FA","0","0%","0%","0","0","0","0","0"
"*03rii*","Luke Opilka","(N/A)","G","G","","783","FA","29","1,000,000","FA","0","0%","0%","0","0","0","0","0"
"*070gy*","Michal Orsulak","DET","G","G","R","784","FA","19","1,000,000","FA","0","7%","-1%","0","0","0","0","0"
"*01y46*","Joni Ortio","(N/A)","G","G","","785","FA","35","1,000,000","FA","0","0%","0%","0","0","0","0","0"
"*060yb*","Jacob Oster","(N/A)","G","G","","786","FA","22","1,000,000","FA","0","0%","0%","0","0","0","0","0"
"*01zsc*","Martin Ouellette","BOS","G","G","","787","FA","34","1,000,000","FA","0","0%","0%","0","0","0","0","0"
"*042v0*","Griffen Outhouse","(N/A)","G","G","","788","FA","28","1,000,000","FA","0","0%","0%","0","0","0","0","0"
"*03ko0*","Shane Owen","(N/A)","G","G","","789","FA","36","1,000,000","FA","0","0%","0%","0","0","0","0","0"
"*026t0*","Mark Owuya","(N/A)","G","G","","790","FA","37","1,000,000","FA","0","0%","0%","0","0","0","0","0"
"*04rdt*","Max Paddock","(N/A)","G","G","","791","FA","26","1,000,000","FA","0","0%","0%","0","0","0","0","0"
"*03edw*","Maximilian Pajpach","(N/A)","G","G","","792","FA","30","1,000,000","FA","0","0%","0%","0","0","0","0","0"
"*02oz6*","Frank Palazzese","(N/A)","G","G","","793","FA","33","1,000,000","FA","0","0%","0%","0","0","0","0","0"
"*01mm1*","Joseph Palmer","CHI","G","G","","794","FA","38","1,000,000","FA","0","0%","0%","0","0","0","0","0"
"*03ofl*","Jordan Papirny","(N/A)","G","G","","795","FA","30","1,000,000","FA","0","0%","0%","0","0","0","0","0"
"*05oj8*","Zachary Paputsakis","(N/A)","G","G","","796","FA","24","1,000,000","FA","0","0%","0%","0","0","0","0","0"
"*04940*","Rylan Parenteau","VAN","G","G","","797","FA","29","1,000,000","FA","0","0%","0%","0","0","0","0","0"
"*051tv*","Lukas Parik","LAK","G","G","","798","FA","25","1,000,000","FA","0","1%","0%","0","0","0","0","0"
"*03za0*","Tyler Parks","(N/A)","G","G","","799","FA","34","1,000,000","FA","0","0%","0%","0","0","0","0","0"
"*06r6a*","Jackson Parsons","OTT","G","G","","800","FA","21","1,000,000","FA","0","3%","0%","0","0","0","0","0"
"*06oxr*","John Parsons","WPG","G","G","R","801","FA","20","1,000,000","FA","0","1%","0%","0","0","0","0","0"
"*042vy*","Tyler Parsons","CGY","G","G","","802","FA","29","1,000,000","FA","0","0%","0%","0","0","0","0","0"
"*01unw*","Edward Pasquale","(N/A)","G","G","","803","FA","35","1,000,000","FA","0","0%","0%","0","0","0","0","0"
"*02nq5*","Jake Paterson","MIN","G","G","","804","FA","32","1,000,000","FA","0","0%","0%","0","0","0","0","0"
"*05o4n*","Jasper Patrikainen","(N/A)","G","G","","805","FA","26","1,000,000","FA","0","0%","0%","0","0","0","0","0"
"*0243v*","Kent Patterson","(N/A)","G","G","","806","FA","37","1,000,000","FA","0","0%","0%","0","0","0","0","0"
"*02gvm*","Jaroslav Pavelka","(N/A)","G","G","","807","FA","33","1,000,000","FA","0","0%","0%","0","0","0","0","0"
"*05u4i*","Luke Pavicich","(N/A)","G","G","","808","FA","24","1,000,000","FA","0","0%","0%","0","0","0","0","0"
"*01cwg*","Jordan Pearce","(N/A)","G","G","","809","FA","39","1,000,000","FA","0","0%","0%","0","0","0","0","0"
"*066pl*","Ethan Pearson","(N/A)","G","G","","810","FA","24","1,000,000","FA","0","0%","0%","0","0","0","0","0"
"*01s7p*","Alexander Pechurskiy","PIT","G","G","","811","FA","36","1,000,000","FA","0","0%","0%","0","0","0","0","0"
"*06c9d*","Stephen Peck","(N/A)","G","G","","812","FA","21","1,000,000","FA","0","0%","0%","0","0","0","0","0"
"*042wi*","Wouter Peeters","CHI","G","G","","813","FA","28","1,000,000","FA","0","0%","0%","0","0","0","0","0"
"*05ug6*","Vyacheslav Peksa","TOR","G","G","","814","FA","24","1,000,000","FA","0","2%","0%","0","0","0","0","0"
"*06pdt*","Zach Pelletier","(N/A)","G","G","","815","FA","20","1,000,000","FA","0","0%","0%","0","0","0","0","0"
"*03knu*","Lucas Peressini","(N/A)","G","G","","816","FA","31","1,000,000","FA","0","0%","0%","0","0","0","0","0"
"*05y5p*","Yaniv Perets","(N/A)","G","G","","817","FA","26","1,000,000","FA","0","1%","0%","0","0","0","0","0"
"*02bhw*","Samu Perhonen","EDM","G","G","","818","FA","33","1,000,000","FA","0","0%","0%","0","0","0","0","0"
"*03ecu*","Chase Perry","DET","G","G","","819","FA","30","1,000,000","FA","0","0%","0%","0","0","0","0","0"
"*05r9m*","Ludvig Persson","(N/A)","G","G","","820","FA","26","1,000,000","FA","0","0%","0%","0","0","0","0","0"
"*06c9e*","Nico Pertuch","(N/A)","G","G","","821","FA","21","1,000,000","FA","0","0%","0%","0","0","0","0","0"
"*076yq*","Gleb Peshkov","ANA","G","G","R","822","FA","18","1,000,000","FA","0","1%","0%","0","0","0","0","0"
"*03nqe*","Anthony Peters","(N/A)","G","G","","823","FA","35","1,000,000","FA","0","0%","0%","0","0","0","0","0"
"*05n1k*","Brayden Peters","(N/A)","G","G","","824","FA","24","1,000,000","FA","0","0%","0%","0","0","0","0","0"
"*004lt*","Justin Peters","(N/A)","G","G","","825","FA","40","1,000,000","FA","0","0%","0%","0","0","0","0","0"
"*031qf*","Cal Petersen","WSH","G","G","","826","FA","31","1,000,000","FA","0","1%","0%","0","0","0","0","0"
"*04amz*","Keith Petruzzelli","PHI","G","G","","827","FA","27","1,000,000","FA","0","1%","0%","0","0","0","0","0"
"*02odq*","Jamie Phillips","(N/A)","G","G","","828","FA","33","1,000,000","FA","0","0%","0%","0","0","0","0","0"
"*04xck*","Colton Phinney","(N/A)","G","G","","829","FA","33","1,000,000","FA","0","0%","0%","0","0","0","0","0"
"*01073*","Chet Pickard","(N/A)","G","G","","830","FA","36","1,000,000","FA","0","0%","0%","0","0","0","0","0"
"*00qry*","Timo Pielmeier","(N/A)","G","G","","831","FA","37","1,000,000","FA","0","0%","0%","0","0","0","0","0"
"*06alg*","Blake Pietila","(N/A)","G","G","","832","FA","26","1,000,000","FA","0","0%","0%","0","0","0","0","0"
"*05res*","Kari Piiroinen","(N/A)","G","G","","833","FA","25","1,000,000","FA","0","0%","0%","0","0","0","0","0"
"*070g0*","Jake Pilon","(N/A)","G","G","","834","FA","19","1,000,000","FA","0","0%","0%","0","0","0","0","0"
"*005hs*","Bryan Pitton","(N/A)","G","G","","835","FA","38","1,000,000","FA","0","0%","0%","0","0","0","0","0"
"*003s7*","Tyler Plante","(N/A)","G","G","","836","FA","39","1,000,000","FA","0","0%","0%","0","0","0","0","0"
"*06hcn*","Artemi Pleshkov","(N/A)","G","G","","837","FA","23","1,000,000","FA","0","1%","0%","0","0","0","0","0"
"*076ih*","Patriks Plumins","TOR","G","G","R","838","FA","18","1,000,000","FA","0","5%","-1%","0","0","0","0","0"
"*06hcz*","Nikita Podlyagin","(N/A)","G","G","","839","FA","22","1,000,000","FA","0","0%","0%","0","0","0","0","0"
"*03yjp*","Vladislav Podyapolsky","(N/A)","G","G","","840","FA","31","1,000,000","FA","0","0%","0%","0","0","0","0","0"
"*004a6*","Justin Pogge","(N/A)","G","G","","841","FA","40","1,000,000","FA","0","0%","0%","0","0","0","0","0"
"*042xi*","Colton Point","DAL","G","G","","842","FA","28","1,000,000","FA","0","0%","0%","0","0","0","0","0"
"*05oy8*","Remi Poirier","DAL","G","G","","843","FA","24","1,000,000","FA","0","4%","0%","0","0","0","0","0"
"*078cb*","Frantisek Poletin","(N/A)","G","G","","844","FA","18","1,000,000","FA","0","0%","0%","0","0","0","0","0"
"*078bo*","Lukyan Polukeyev","(N/A)","G","G","","845","FA","18","1,000,000","FA","0","0%","0%","0","0","0","0","0"
"*04xdp*","Anthony Popovich","(N/A)","G","G","","846","FA","27","1,000,000","FA","0","0%","0%","0","0","0","0","0"
"*003n3*","Tomas Popperle","(N/A)","G","G","","847","FA","41","1,000,000","FA","0","0%","0%","0","0","0","0","0"
"*04zop*","Erik Portillo","LAK","G","G","","848","btsay45","26","0","MNR","0","17%","-3%","0","0","0","0","0"
"*06qqb*","Isak Posch","NSH","G","G","","849","FA","24","1,000,000","FA","0","3%","0%","0","0","0","0","0"
"*06s4g*","Michal Postava","DET","G","G","","850","FA","24","1,000,000","FA","0","12%","-1%","0","0","0","0","0"
"*01mkb*","Kevin Poulin","(N/A)","G","G","","851","FA","36","1,000,000","FA","0","0%","0%","0","0","0","0","0"
"*065jp*","Isaac Poulter","WPG","G","G","","852","FA","25","1,000,000","FA","0","2%","0%","0","0","0","0","0"
"*06tam*","Michal Pradel","DET","G","G","","853","FA","19","1,000,000","FA","0","10%","-2%","0","0","0","0","0"
"*003vz*","Carey Price","SJS","G","G","","854","FA","39","1,000,000","FA","0","1%","0%","0","0","0","0","0"
"*04bih*","Cayden Primeau","CAR","G","G","","855","FA","27","1,000,000","FA","0","6%","-1%","0","0","0","0","0"
"*06xwe*","Yevgeni Prokhorov","BUF","G","G","","856","FA","19","1,000,000","FA","0","2%","0%","0","0","0","0","0"
"*076qa*","Vladimir Proskurin","STL","G","G","R","857","FA","18","1,000,000","FA","0","3%","0%","0","0","0","0","0"
"*04qzj*","Ivan Prosvetov","CGY","G","G","","858","FA","27","1,000,000","FA","0","4%","0%","0","0","0","0","0"
"*076rc*","Martin Psohlavec","PHI","G","G","R","859","FA","18","1,000,000","FA","0","8%","-1%","0","0","0","0","0"
"*05yjs*","Ivars Punnenovs","(N/A)","G","G","","860","FA","32","1,000,000","FA","0","0%","0%","0","0","0","0","0"
"*05ojd*","Colin Purcell","(N/A)","G","G","","861","FA","24","1,000,000","FA","0","0%","0%","0","0","0","0","0"
"*04k20*","Eric Pye","(N/A)","G","G","","862","FA","36","1,000,000","FA","0","0%","0%","0","0","0","0","0"
"*05uga*","Nikita Quapp","(N/A)","G","G","","863","FA","23","1,000,000","FA","0","1%","0%","0","0","0","0","0"
"*070h0*","Patrick Quinlan","(N/A)","G","G","","864","FA","19","1,000,000","FA","0","0%","0%","0","0","0","0","0"
"*02yov*","Antti Raanta","(N/A)","G","G","","865","FA","37","1,000,000","FA","0","0%","0%","0","0","0","0","0"
"*043j3*","Joseph Raaymakers","(N/A)","G","G","","866","FA","28","1,000,000","FA","0","0%","0%","0","0","0","0","0"
"*06xw0*","Arseni Radkov","MTL","G","G","","867","FA","19","1,000,000","FA","0","4%","-1%","0","0","0","0","0"
"*06ai0*","Matt Radomsky","CGY","G","G","","868","FA","27","1,000,000","FA","0","0%","0%","0","0","0","0","0"
"*05ux9*","Marino Ramirez","(N/A)","G","G","","869","FA","23","1,000,000","FA","0","0%","0%","0","0","0","0","0"
"*00491*","Karri Ramo","(N/A)","G","G","","870","FA","40","1,000,000","FA","0","0%","0%","0","0","0","0","0"
"*0603v*","Joe Ranger","(N/A)","G","G","","871","FA","24","1,000,000","FA","0","0%","0%","0","0","0","0","0"
"*04amy*","Dayton Rasmussen","(N/A)","G","G","","872","FA","27","1,000,000","FA","0","0%","0%","0","0","0","0","0"
"*064wl*","Scott Ratzlaff","BUF","G","G","","873","FA","21","1,000,000","FA","0","6%","-1%","0","0","0","0","0"
"*06pww*","Joshua Ravensbergen","SJS","G","G","","874","BULLIES","19","0","MNR","0","38%","-4%","0","0","0","0","0"
"*027gu*","Chris Rawlings","(N/A)","G","G","","875","FA","38","1,000,000","FA","0","0%","0%","0","0","0","0","0"
"*076xu*","Alexandre Raymond","COL","G","G","R","876","FA","18","1,000,000","FA","0","1%","0%","0","0","0","0","0"
"*04a9u*","Angus Redmond","(N/A)","G","G","","877","FA","30","1,000,000","FA","0","0%","0%","0","0","0","0","0"
"*024db*","Cody Reichard","(N/A)","G","G","","878","FA","39","1,000,000","FA","0","0%","0%","0","0","0","0","0"
"*03d28*","James Reid","(N/A)","G","G","","879","FA","35","1,000,000","FA","0","0%","0%","0","0","0","0","0"
"*03mnw*","Adam Reideborn","(N/A)","G","G","","880","FA","34","1,000,000","FA","0","0%","0%","0","0","0","0","0"
"*062lj*","Kevin Reidler","OTT","G","G","","881","FA","22","1,000,000","FA","0","3%","0%","0","0","0","0","0"
"*038hx*","Kenny Reiter","(N/A)","G","G","","882","FA","39","1,000,000","FA","0","0%","0%","0","0","0","0","0"
"*079g9*","Andrew Reyelts","WSH","G","G","","883","FA","20","1,000,000","FA","0","0%","0%","0","0","0","0","0"
"*059wj*","Lucas Rheyneuclaudes","(N/A)","G","G","","884","FA","25","1,000,000","FA","0","0%","0%","0","0","0","0","0"
"*06awk*","Samuel Richard","TOR","G","G","","885","FA","25","1,000,000","FA","0","0%","0%","0","0","0","0","0"
"*01cwu*","Alec Richards","(N/A)","G","G","","886","FA","39","1,000,000","FA","0","0%","0%","0","0","0","0","0"
"*01yqh*","Stefan Ridderwall","NYI","G","G","","887","FA","38","1,000,000","FA","0","0%","0%","0","0","0","0","0"
"*05a12*","Christoffer Rifalk","(N/A)","G","G","","888","FA","30","1,000,000","FA","0","0%","0%","0","0","0","0","0"
"*0321j*","Ty Rimmer","(N/A)","G","G","","889","FA","34","1,000,000","FA","0","0%","0%","0","0","0","0","0"
"*06mho*","Petteri Rimpinen","LAK","G","G","","890","FA","20","1,000,000","FA","0","9%","-1%","0","0","0","0","0"
"*03eq7*","Rasmus Rinne","(N/A)","G","G","","891","FA","36","1,000,000","FA","0","0%","0%","0","0","0","0","0"
"*06pl9*","Henri Risikko","(N/A)","G","G","","892","FA","23","1,000,000","FA","0","0%","0%","0","0","0","0","0"
"*06c9g*","Charlie Robertson","(N/A)","G","G","","893","FA","21","1,000,000","FA","0","0%","0%","0","0","0","0","0"
"*038ij*","Josh Robinson","(N/A)","G","G","","894","FA","36","1,000,000","FA","0","0%","0%","0","0","0","0","0"
"*03rfy*","Mike Robinson","SJS","G","G","","895","FA","29","1,000,000","FA","0","0%","0%","0","0","0","0","0"
"*04mug*","Mat Robson","BUF","G","G","","896","FA","30","1,000,000","FA","0","0%","0%","0","0","0","0","0"
"*04ld1*","Olivier Rodrigue","TBL","G","G","","897","FA","26","1,000,000","FA","0","2%","0%","0","0","0","0","0"
"*02yef*","Grant Rollheiser","(N/A)","G","G","","898","FA","37","1,000,000","FA","0","0%","0%","0","0","0","0","0"
"*0637x*","Deivs Rolovs","(N/A)","G","G","","899","FA","22","1,000,000","FA","0","0%","0%","0","0","0","0","0"
"*06b5w*","Georgi Romanov","STL","G","G","","900","FA","26","1,000,000","FA","0","2%","0%","0","0","0","0","0"
"*0597m*","Sean Romeo","(N/A)","G","G","","901","FA","31","1,000,000","FA","0","0%","0%","0","0","0","0","0"
"*01zs2*","Cody Rosen","NYI","G","G","","902","FA","35","1,000,000","FA","0","0%","0%","0","0","0","0","0"
"*051vf*","Roddy Ross","PHI","G","G","","903","FA","26","1,000,000","FA","0","0%","0%","0","0","0","0","0"
"*06aex*","Mathis Rousseau","(N/A)","G","G","","904","FA","22","1,000,000","FA","0","0%","0%","0","0","0","0","0"
"*05gdc*","William Rousseau","MIN","G","G","","905","FA","23","1,000,000","FA","0","0%","0%","0","0","0","0","0"
"*051x4*","Cameron Rowe","(N/A)","G","G","","906","FA","25","1,000,000","FA","0","0%","0%","0","0","0","0","0"
"*01ge8*","Olivier Roy","(N/A)","G","G","","907","FA","35","1,000,000","FA","0","0%","0%","0","0","0","0","0"
"*05a8z*","Niklas Rubin","(N/A)","G","G","","908","FA","30","1,000,000","FA","0","0%","0%","0","0","0","0","0"
"*03ant*","Joel Rumpel","(N/A)","G","G","","909","FA","35","1,000,000","FA","0","0%","0%","0","0","0","0","0"
"*076xe*","Daniil Rusakovich","NJD","G","G","R","910","FA","18","1,000,000","FA","0","2%","0%","0","0","0","0","0"
"*03rix*","Markus Ruusu","DAL","G","G","","911","FA","29","1,000,000","FA","0","0%","0%","0","0","0","0","0"
"*074md*","Filip Ruzicka","MIN","G","G","R","912","FA","18","1,000,000","FA","0","6%","-1%","0","0","0","0","0"
"*05xs8*","Jan Ruzicka","(N/A)","G","G","","913","FA","29","1,000,000","FA","0","0%","0%","0","0","0","0","0"
"*04ok2*","Patrik Rybar","DET","G","G","","914","FA","32","1,000,000","FA","0","0%","0%","0","0","0","0","0"
"*076km*","Yegor Rybkin","LAK","G","G","R","915","FA","18","1,000,000","FA","0","6%","-1%","0","0","0","0","0"
"*072pd*","Easton Rye","(N/A)","G","G","","916","FA","19","1,000,000","FA","0","0%","0%","0","0","0","0","0"
"*01t7b*","Jussi Rynnas","(N/A)","G","G","","917","FA","39","1,000,000","FA","0","0%","0%","0","0","0","0","0"
"*06mba*","Kim Saarinen","SEA","G","G","","918","BULLIES","20","0","MNR","0","7%","-1%","0","0","0","0","0"
"*04xdq*","Alex Sakellaropoulos","(N/A)","G","G","","919","FA","32","1,000,000","FA","0","0%","0%","0","0","0","0","0"
"*01fx8*","Alexander Salak","(N/A)","G","G","","920","FA","39","1,000,000","FA","0","0%","0%","0","0","0","0","0"
"*04rzt*","Oskari Salminen","(N/A)","G","G","","921","FA","27","1,000,000","FA","0","0%","0%","0","0","0","0","0"
"*06xwy*","Daniel Salonen","EDM","G","G","","922","FA","20","1,000,000","FA","0","1%","0%","0","0","0","0","0"
"*04an0*","Alexander Samoilov","(N/A)","G","G","","923","FA","29","1,000,000","FA","0","0%","0%","0","0","0","0","0"
"*0597l*","Alexander Samonov","(N/A)","G","G","","924","FA","31","1,000,000","FA","0","0%","0%","0","0","0","0","0"
"*03mm7*","Ilya Samsonov","SJS","G","G","","925","FA","29","1,000,000","FA","0","3%","-1%","0","0","0","0","0"
"*04336*","Antoine Samuel","MTL","G","G","","926","FA","29","1,000,000","FA","0","0%","0%","0","0","0","0","0"
"*06r6f*","Jesse Sanche","(N/A)","G","G","","927","FA","20","1,000,000","FA","0","0%","0%","0","0","0","0","0"
"*03asa*","Felix Sandstrom","BUF","G","G","","928","FA","29","1,000,000","FA","0","1%","0%","0","0","0","0","0"
"*01g60*","Harri Sateri","(N/A)","G","G","","929","FA","36","1,000,000","FA","0","0%","0%","0","0","0","0","0"
"*01n87*","Billy Sauer","COL","G","G","","930","FA","38","1,000,000","FA","0","0%","0%","0","0","0","0","0"
"*02ze7*","Clarke Saunders","(N/A)","G","G","","931","FA","37","1,000,000","FA","0","0%","0%","0","0","0","0","0"
"*05109*","Isaiah Saville","LAK","G","G","","932","FA","26","1,000,000","FA","0","2%","0%","0","0","0","0","0"
"*05y9v*","Owen Savory","(N/A)","G","G","","933","FA","28","1,000,000","FA","0","0%","0%","0","0","0","0","0"
"*043c8*","Zachary Sawchenko","CAR","G","G","","934","FA","28","1,000,000","FA","0","1%","0%","0","0","0","0","0"
"*06qqa*","Owen Say","(N/A)","G","G","","935","FA","25","1,000,000","FA","0","1%","0%","0","0","0","0","0"
"*066qf*","Tommy Scarfone","(N/A)","G","G","","936","FA","25","1,000,000","FA","0","0%","0%","0","0","0","0","0"
"*0457a*","Adam Scheel","NJD","G","G","","937","FA","27","1,000,000","FA","0","0%","0%","0","0","0","0","0"
"*060y9*","Charlie Schenkel","(N/A)","G","G","","938","FA","22","1,000,000","FA","0","0%","0%","0","0","0","0","0"
"*03ry8*","Eric Schierhorn","(N/A)","G","G","","939","FA","30","1,000,000","FA","0","0%","0%","0","0","0","0","0"
"*03yt1*","Niklas Schlegel","(N/A)","G","G","","940","FA","32","1,000,000","FA","0","0%","0%","0","0","0","0","0"
"*05raf*","Michael Schnattinger","(N/A)","G","G","","941","FA","22","1,000,000","FA","0","0%","0%","0","0","0","0","0"
"*004bq*","Cory Schneider","(N/A)","G","G","","942","FA","40","1,000,000","FA","0","0%","0%","0","0","0","0","0"
"*03wnx*","Nick Schneider","(N/A)","G","G","","943","FA","29","1,000,000","FA","0","0%","0%","0","0","0","0","0"
"*03wqw*","Nathan Schoenfeld","(N/A)","F,G","G","","944","FA","41","1,000,000","FA","0","0%","0%","0","0","0","0","0"
"*00483*","Marek Schwarz","(N/A)","G","G","","945","FA","40","1,000,000","FA","0","0%","0%","0","0","0","0","0"
"*03mjm*","Janick Schwendener","(N/A)","G","G","","946","FA","34","1,000,000","FA","0","0%","0%","0","0","0","0","0"
"*04a7i*","Ian Scott","(N/A)","G","G","","947","FA","27","1,000,000","FA","0","0%","0%","0","0","0","0","0"
"*01u7i*","Ben Scrivens","(N/A)","G","G","","948","FA","40","1,000,000","FA","0","0%","0%","0","0","0","0","0"
"*03d56*","Jakub Sedlacek","(N/A)","G","G","","949","FA","36","1,000,000","FA","0","0%","0%","0","0","0","0","0"
"*04aj6*","Bobby Segin","(N/A)","G","G","","950","FA","35","1,000,000","FA","0","0%","0%","0","0","0","0","0"
"*04aa0*","Eric Semborski","(N/A)","G","G","","951","FA","33","1,000,000","FA","0","0%","0%","0","0","0","0","0"
"*060yw*","T.J. Semptimphelter","NSH","G","G","","952","FA","24","1,000,000","FA","0","0%","0%","0","0","0","0","0"
"*04f6x*","Gilles Senn","(N/A)","G","G","","953","FA","30","1,000,000","FA","0","0%","0%","0","0","0","0","0"
"*066rg*","Nikita Serebryakov","(N/A)","G","G","","954","FA","30","1,000,000","FA","0","0%","0%","0","0","0","0","0"
"*05td5*","Carter Serhyenko","(N/A)","G","G","","955","FA","24","1,000,000","FA","0","0%","0%","0","0","0","0","0"
"*00qrx*","Tyson Sexsmith","(N/A)","G","G","","956","FA","37","1,000,000","FA","0","0%","0%","0","0","0","0","0"
"*0723m*","Danai Shaiikov","NYR","G","G","R","957","FA","19","1,000,000","FA","0","5%","-1%","0","0","0","0","0"
"*0687f*","Ian Shane","(N/A)","G","G","","958","FA","26","1,000,000","FA","0","0%","0%","0","0","0","0","0"
"*003sa*","David Shantz","VAN","G","G","","959","FA","40","1,000,000","FA","0","0%","0%","0","0","0","0","0"
"*05yfy*","Kyle Shapiro","(N/A)","G","G","","960","FA","33","1,000,000","FA","0","0%","0%","0","0","0","0","0"
"*03mnx*","Alexander Sharychenkov","(N/A)","G","G","","961","FA","34","1,000,000","FA","0","0%","0%","0","0","0","0","0"
"*03xl0*","Mack Shields","(N/A)","G","G","","962","FA","31","1,000,000","FA","0","0%","0%","0","0","0","0","0"
"*04r1e*","Shamil Shmakov","COL","G","G","","963","FA","27","1,000,000","FA","0","0%","0%","0","0","0","0","0"
"*066pm*","Mattias Sholl","LAK","G","G","","964","FA","25","1,000,000","FA","0","0%","0%","0","0","0","0","0"
"*04kyr*","Tomas Sholl","(N/A)","G","G","","965","FA","32","1,000,000","FA","0","0%","0%","0","0","0","0","0"
"*04z1f*","Andrew Shortridge","(N/A)","G","G","","966","FA","31","1,000,000","FA","0","0%","0%","0","0","0","0","0"
"*05xtf*","Konstantin Shostak","(N/A)","G","G","","967","FA","26","1,000,000","FA","0","0%","0%","0","0","0","0","0"
"*06qpb*","Yan Shostak","(N/A)","G","G","","968","FA","22","1,000,000","FA","0","0%","0%","0","0","0","0","0"
"*05rfs*","Dmitri Shugayev","(N/A)","G","G","","969","FA","27","1,000,000","FA","0","0%","0%","0","0","0","0","0"
"*076yf*","Stepan Shurygin","TBL","G","G","R","970","FA","19","1,000,000","FA","0","1%","0%","0","0","0","0","0"
"*05rca*","Jake Sibell","(N/A)","G","G","","971","FA","26","1,000,000","FA","0","0%","0%","0","0","0","0","0"
"*02y8w*","Luke Siemens","(N/A)","G","G","","972","FA","33","1,000,000","FA","0","0%","0%","0","0","0","0","0"
"*06ll1*","Quentin Sigurdson","(N/A)","G","G","","973","FA","23","1,000,000","FA","0","0%","0%","0","0","0","0","0"
"*061n2*","Dylan Silverstein","(N/A)","G","G","","974","FA","22","1,000,000","FA","0","0%","0%","0","0","0","0","0"
"*03l0s*","Petteri Simila","MTL","G","G","","975","FA","36","1,000,000","FA","0","0%","0%","0","0","0","0","0"
"*01xfo*","Kent Simpson","COL","G","G","","976","FA","34","1,000,000","FA","0","0%","0%","0","0","0","0","0"
"*066ra*","Michael Simpson","FLA","G","G","","977","FA","23","1,000,000","FA","0","0%","0%","0","0","0","0","0"
"*0347l*","Ebbe Sionas","(N/A)","G","G","","978","FA","31","1,000,000","FA","0","0%","0%","0","0","0","0","0"
"*031so*","Mackenzie Skapski","(N/A)","G","G","","979","FA","32","1,000,000","FA","0","0%","0%","0","0","0","0","0"
"*04bfl*","Jakub Skarek","SJS","G","G","","980","FA","26","1,000,000","FA","0","2%","0%","0","0","0","0","0"
"*076q6*","Marek Sklenicka","PHI","G","G","R","981","FA","18","1,000,000","FA","0","3%","0%","0","0","0","0","0"
"*05n1g*","Vsevolod Skotnikov","(N/A)","G","G","","982","FA","24","1,000,000","FA","0","0%","0%","0","0","0","0","0"
"*06hrg*","Damian Slavik","(N/A)","G","G","","983","FA","21","1,000,000","FA","0","0%","0%","0","0","0","0","0"
"*02yc5*","Frank Slubowski","(N/A)","G","G","","984","FA","35","1,000,000","FA","0","0%","0%","0","0","0","0","0"
"*06byc*","Hampton Slukynsky","LAK","G","G","","985","M.M","21","0","MNR","0","19%","-3%","0","0","0","0","0"
"*05y76*","Dustin Smith","(N/A)","G","G","","986","FA","37","1,000,000","FA","0","0%","0%","0","0","0","0","0"
"*03rk0*","Evan Smith","NSH","G","G","","987","FA","29","1,000,000","FA","0","0%","0%","0","0","0","0","0"
"*03wmd*","Jacob Smith","(N/A)","G","G","","988","FA","31","1,000,000","FA","0","0%","0%","0","0","0","0","0"
"*003yi*","Jason Smith","NJD","G","G","","989","FA","41","1,000,000","FA","0","0%","0%","0","0","0","0","0"
"*00552*","Jeremy Smith","(N/A)","G","G","","990","FA","37","1,000,000","FA","0","0%","0%","0","0","0","0","0"
"*061lt*","Alexander Smolin","(N/A)","G","G","","991","FA","22","1,000,000","FA","0","1%","0%","0","0","0","0","0"
"*076xc*","Parker Snell","CBJ","G","G","R","992","FA","18","1,000,000","FA","0","2%","0%","0","0","0","0","0"
"*02dqa*","Steffen Soberg","WSH","G","G","","993","FA","33","1,000,000","FA","0","0%","0%","0","0","0","0","0"
"*03ebv*","Linus Soderstrom","(N/A)","G","G","","994","FA","30","1,000,000","FA","0","0%","0%","0","0","0","0","0"
"*03meu*","George Sorensen","(N/A)","G","G","","995","FA","31","1,000,000","FA","0","0%","0%","0","0","0","0","0"
"*06asy*","Liam Souliere","(N/A)","G","G","","996","FA","27","1,000,000","FA","0","0%","0%","0","0","0","0","0"
"*02fml*","Garret Sparks","(N/A)","G","G","","997","FA","33","1,000,000","FA","0","0%","0%","0","0","0","0","0"
"*060ny*","Jan Spunar","(N/A)","G","G","","998","FA","22","1,000,000","FA","0","0%","0%","0","0","0","0","0"
"*06idp*","Samuel St-Hilaire","(N/A)","G","G","","999","FA","22","1,000,000","FA","0","0%","0%","0","0","0","0","0"
"*05rfb*","Dylan St. Cyr","(N/A)","G","G","","1000","FA","27","1,000,000","FA","0","0%","0%","0","0","0","0","0"
"*01n8f*","Scott Stajcer","(N/A)","G","G","","1001","FA","35","1,000,000","FA","0","0%","0%","0","0","0","0","0"
"*01cwe*","Alex Stalock","(N/A)","G","G","","1002","FA","39","1,000,000","FA","0","0%","0%","0","0","0","0","0"
"*030wr*","Bernhard Starkbaum","(N/A)","G","G","","1003","FA","40","1,000,000","FA","0","0%","0%","0","0","0","0","0"
"*04btf*","Shane Starrett","(N/A)","G","G","","1004","FA","32","1,000,000","FA","0","0%","0%","0","0","0","0","0"
"*05rap*","Jaxson Stauber","UTA","G","G","","1005","FA","27","1,000,000","FA","0","5%","-1%","0","0","0","0","0"
"*06taj*","Ondrej Stebetak","(N/A)","G","G","","1006","FA","19","1,000,000","FA","0","0%","0%","0","0","0","0","0"
"*02ye9*","Sebastian Stefaniszin","(N/A)","G","G","","1007","FA","39","1,000,000","FA","0","0%","0%","0","0","0","0","0"
"*05rl1*","Logan Stein","(N/A)","G","G","","1008","FA","25","1,000,000","FA","0","0%","0%","0","0","0","0","0"
"*06ce6*","Kristers Steinbergs","(N/A)","G","G","","1009","FA","21","1,000,000","FA","0","0%","0%","0","0","0","0","0"
"*06hd1*","Jacob Steinman","(N/A)","G","G","","1010","FA","22","1,000,000","FA","0","0%","0%","0","0","0","0","0"
"*02696*","Jakub Stepanek","(N/A)","G","G","","1011","FA","40","1,000,000","FA","0","0%","0%","0","0","0","0","0"
"*06rmn*","Jonas Stettmer","(N/A)","G","G","","1012","FA","24","1,000,000","FA","0","0%","0%","0","0","0","0","0"
"*03ca4*","Colin Stevens","(N/A)","G","G","","1013","FA","33","1,000,000","FA","0","0%","0%","0","0","0","0","0"
"*01ucz*","Brian Stewart","(N/A)","G","G","","1014","FA","41","1,000,000","FA","0","0%","0%","0","0","0","0","0"
"*0598f*","Hayden Stewart","(N/A)","G","G","","1015","FA","32","1,000,000","FA","0","0%","0%","0","0","0","0","0"
"*04mdg*","Tyler Stewart","(N/A)","G","G","","1016","FA","34","1,000,000","FA","0","0%","0%","0","0","0","0","0"
"*03rgg*","Ales Stezka","(N/A)","G","G","","1017","FA","29","1,000,000","FA","0","0%","0%","0","0","0","0","0"
"*06c5b*","Rhett Stoesser","(N/A)","G","G","","1018","FA","21","1,000,000","FA","0","0%","0%","0","0","0","0","0"
"*06sn4*","Christian Stoever","(N/A)","G","G","","1019","FA","26","1,000,000","FA","0","0%","0%","0","0","0","0","0"
"*06clp*","Melvin Strahl","CBJ","G","G","","1020","FA","21","1,000,000","FA","0","2%","0%","0","0","0","0","0"
"*02nor*","Malcolm Subban","(N/A)","G","G","","1021","FA","32","1,000,000","FA","0","0%","0%","0","0","0","0","0"
"*05tzr*","Tomas Suchanek","ANA","G","G","","1022","FA","23","1,000,000","FA","0","5%","-1%","0","0","0","0","0"
"*03wql*","Alexander Sudnitsin","(N/A)","G","G","","1023","FA","38","1,000,000","FA","0","0%","0%","0","0","0","0","0"
"*043cf*","Vladislav Sukhachkyov","(N/A)","G","G","","1024","FA","28","1,000,000","FA","0","0%","0%","0","0","0","0","0"
"*03a82*","Steve Summerhays","(N/A)","G","G","","1025","FA","36","1,000,000","FA","0","0%","0%","0","0","0","0","0"
"*04l9d*","Zehao Sun","(N/A)","G","G","","1026","FA","30","1,000,000","FA","0","0%","0%","0","0","0","0","0"
"*02jti*","Niklas Svedberg","(N/A)","G","G","","1027","FA","37","1,000,000","FA","0","0%","0%","0","0","0","0","0"
"*05uf9*","Philip Svedeback","BOS","G","G","","1028","FA","24","1,000,000","FA","0","3%","0%","0","0","0","0","0"
"*03rk3*","Miroslav Svoboda","(N/A)","G","G","","1029","FA","31","1,000,000","FA","0","0%","0%","0","0","0","0","0"
"*060y7*","Lukas Swedin","(N/A)","G","G","","1030","FA","22","1,000,000","FA","0","0%","0%","0","0","0","0","0"
"*06pdz*","Ryan Tamelin","(N/A)","G","G","","1031","FA","20","1,000,000","FA","0","0%","0%","0","0","0","0","0"
"*076ko*","Viggo Tamm","(N/A)","G","G","","1032","FA","18","1,000,000","FA","0","0%","0%","0","0","0","0","0"
"*05r9k*","Roope Taponen","(N/A)","G","G","","1033","FA","25","1,000,000","FA","0","0%","0%","0","0","0","0","0"
"*024j4*","Iiro Tarkki","(N/A)","G","G","","1034","FA","41","1,000,000","FA","0","0%","0%","0","0","0","0","0"
"*003tn*","Daniel Taylor","(N/A)","G","G","","1035","FA","40","1,000,000","FA","0","0%","0%","0","0","0","0","0"
"*04n90*","Ty Taylor","TBL","G","G","","1036","PuckLuck","27","0","MNR","0","0%","0%","0","0","0","0","0"
"*06ydt*","Noah Tegelaar","(N/A)","G","G","","1037","FA","19","1,000,000","FA","0","0%","0%","0","0","0","0","0"
"*02yeo*","Tyson Teichmann","(N/A)","G","G","","1038","FA","33","1,000,000","FA","0","0%","0%","0","0","0","0","0"
"*04r0f*","David Tendeck","STL","G","G","","1039","FA","26","1,000,000","FA","0","0%","0%","0","0","0","0","0"
"*06687*","Logan Terness","(N/A)","G","G","","1040","FA","24","1,000,000","FA","0","0%","0%","0","0","0","0","0"
"*0055i*","Michael-Lee Teslak","(N/A)","G","G","","1041","FA","40","1,000,000","FA","0","0%","0%","0","0","0","0","0"
"*06ckz*","Melker Thelin","UTA","G","G","","1042","FA","21","1,000,000","FA","0","3%","0%","0","0","0","0","0"
"*01chs*","Brad Thiessen","(N/A)","G","G","","1043","FA","40","1,000,000","FA","0","0%","0%","0","0","0","0","0"
"*04r15*","Matthew Thiessen","(N/A)","G","G","","1044","FA","26","1,000,000","FA","0","0%","0%","0","0","0","0","0"
"*042y7*","Peter Thome","MIN","G","G","","1045","FA","29","1,000,000","FA","0","0%","0%","0","0","0","0","0"
"*05x76*","Anson Thornton","(N/A)","G","G","","1046","FA","23","1,000,000","FA","0","1%","0%","0","0","0","0","0"
"*06cfm*","Arno Tiefensee","DAL","G","G","","1047","FA","24","1,000,000","FA","0","2%","0%","0","0","0","0","0"
"*059wk*","Henrik Tikkanen","NYI","G","G","","1048","FA","25","1,000,000","FA","0","1%","0%","0","0","0","0","0"
"*039w4*","Rasmus Tirronen","(N/A)","G","G","","1049","FA","35","1,000,000","FA","0","0%","0%","0","0","0","0","0"
"*06xwl*","Ivan Tkach-Tkachenko","UTA","G","G","","1050","FA","19","1,000,000","FA","0","2%","0%","0","0","0","0","0"
"*024d8*","Juha Toivonen","(N/A)","G","G","","1051","FA","39","1,000,000","FA","0","0%","0%","0","0","0","0","0"
"*01brk*","Dustin Tokarski","(N/A)","G","G","","1052","FA","37","1,000,000","FA","0","0%","0%","0","0","0","0","0"
"*03yf7*","Atte Tolvanen","(N/A)","G","G","","1053","FA","31","1,000,000","FA","0","0%","0%","0","0","0","0","0"
"*03p28*","Matej Tomek","(N/A)","G","G","","1054","FA","29","1,000,000","FA","0","0%","0%","0","0","0","0","0"
"*02odx*","Matt Tomkins","EDM","G","G","","1055","FA","32","1,000,000","FA","0","1%","0%","0","0","0","0","0"
"*0044s*","Josh Tordjman","MIN","G","G","","1056","FA","41","1,000,000","FA","0","0%","0%","0","0","0","0","0"
"*04b07*","Rylan Toth","(N/A)","G","G","","1057","FA","30","1,000,000","FA","0","0%","0%","0","0","0","0","0"
"*072pr*","Connor Towle","(N/A)","G","G","","1058","FA","20","1,000,000","FA","0","0%","0%","0","0","0","0","0"
"*066c8*","Alexander Tracy","VGK","G","G","","1059","FA","25","1,000,000","FA","0","0%","0%","0","0","0","0","0"
"*07337*","Tobias Trejbal","CGY","G","G","R","1060","FA","18","1,000,000","FA","0","24%","-3%","0","0","0","0","0"
"*02o87*","Francois Tremblay","COL","G","G","","1061","FA","32","1,000,000","FA","0","0%","0%","0","0","0","0","0"
"*03asc*","Maxim Tretiak","(N/A)","G","G","","1062","FA","29","1,000,000","FA","0","0%","0%","0","0","0","0","0"
"*03sof*","Niklas Treutle","(N/A)","G","G","","1063","FA","35","1,000,000","FA","0","0%","0%","0","0","0","0","0"
"*06xwo*","Andrei Trofimov","OTT","G","G","","1064","FA","20","1,000,000","FA","0","1%","0%","0","0","0","0","0"
"*03d0l*","Troy Trombley","(N/A)","G","G","","1065","FA","31","1,000,000","FA","0","0%","0%","0","0","0","0","0"
"*03ko1*","Philippe Trudeau","(N/A)","G","G","","1066","FA","32","1,000,000","FA","0","0%","0%","0","0","0","0","0"
"*07a2h*","Eric Tu","(N/A)","G","G","","1067","FA","17","1,000,000","FA","0","0%","0%","0","0","0","0","0"
"*06rmm*","Callum Tung","NYR","G","G","","1068","FA","22","1,000,000","FA","0","3%","0%","0","0","0","0","0"
"*02fzg*","Frans Tuohimaa","(N/A)","G","G","","1069","FA","35","1,000,000","FA","0","0%","0%","0","0","0","0","0"
"*004l4*","Dan Turple","(N/A)","G","G","","1070","FA","41","1,000,000","FA","0","0%","0%","0","0","0","0","0"
"*072h5*","Tobias Tvrznik","COL","G","G","R","1071","FA","19","1,000,000","FA","0","3%","0%","0","0","0","0","0"
"*05lur*","Tucker Tynan","(N/A)","G","G","","1072","FA","24","1,000,000","FA","0","0%","0%","0","0","0","0","0"
"*02ug3*","Richard Ullberg","(N/A)","G","G","","1073","FA","33","1,000,000","FA","0","0%","0%","0","0","0","0","0"
"*05xc4*","Connor Ungar","EDM","G","G","","1074","FA","24","1,000,000","FA","0","7%","-1%","0","0","0","0","0"
"*06qdu*","Jackson Unger","(N/A)","G","G","","1075","FA","21","1,000,000","FA","0","0%","0%","0","0","0","0","0"
"*02ye8*","Josh Unice","(N/A)","G","G","","1076","FA","37","1,000,000","FA","0","0%","0%","0","0","0","0","0"
"*06c1r*","Samuel Urban","(N/A)","G","G","","1077","FA","21","1,000,000","FA","0","0%","0%","0","0","0","0","0"
"*04ezz*","Kirill Ustimenko","(N/A)","G","G","","1078","FA","27","1,000,000","FA","0","0%","0%","0","0","0","0","0"
"*03zxl*","Igor Ustinsky","(N/A)","G","G","","1079","FA","32","1,000,000","FA","0","0%","0%","0","0","0","0","0"
"*06c1t*","Calvin Vachon","(N/A)","G","G","","1080","FA","21","1,000,000","FA","0","0%","0%","0","0","0","0","0"
"*06buk*","Noa Vali","(N/A)","G","G","","1081","FA","21","1,000,000","FA","0","0%","0%","0","0","0","0","0"
"*03rgf*","Joren Van Pottelberghe","DET","G","G","","1082","FA","29","1,000,000","FA","0","0%","0%","0","0","0","0","0"
"*04130*","Adam Vay","(N/A)","G","G","","1083","FA","32","1,000,000","FA","0","0%","0%","0","0","0","0","0"
"*06sdn*","Max Vayrynen","(N/A)","G","G","","1084","FA","24","1,000,000","FA","0","0%","0%","0","0","0","0","0"
"*06mqw*","Mikus Vecvanags","MTL","G","G","","1085","FA","20","1,000,000","FA","0","1%","0%","0","0","0","0","0"
"*06c51*","Visa Vedenpaa","SEA","G","G","","1086","FA","21","1,000,000","FA","0","1%","0%","0","0","0","0","0"
"*03rro*","Veini Vehvilainen","TOR","G","G","","1087","FA","29","1,000,000","FA","0","1%","0%","0","0","0","0","0"
"*04xcu*","Emmanuel Vella","(N/A)","G","G","","1088","FA","28","1,000,000","FA","0","0%","0%","0","0","0","0","0"
"*06cln*","Yegor Velmakin","CAR","G","G","","1089","FA","23","1,000,000","FA","0","1%","0%","0","0","0","0","0"
"*076rk*","David Vermirovsky","(N/A)","G","G","","1090","FA","18","1,000,000","FA","0","0%","0%","0","0","0","0","0"
"*06asz*","Matt Vernon","(N/A)","G","G","","1091","FA","28","1,000,000","FA","0","0%","0%","0","0","0","0","0"
"*05ny4*","Jesper Vikman","(N/A)","G","G","","1092","FA","24","1,000,000","FA","0","1%","0%","0","0","0","0","0"
"*04f1c*","Matthew Villalta","BUF","G","G","","1093","FA","27","1,000,000","FA","0","4%","0%","0","0","0","0","0"
"*068y9*","Eemil Vinni","EDM","G","G","","1094","FA","20","1,000,000","FA","0","11%","-2%","0","0","0","0","0"
"*03bap*","Ryan Vinz","(N/A)","G","G","","1095","FA","41","1,000,000","FA","0","0%","0%","0","0","0","0","0"
"*01zs8*","Mark Visentin","(N/A)","G","G","","1096","FA","34","1,000,000","FA","0","0%","0%","0","0","0","0","0"
"*01zs5*","Lars Volden","BOS","G","G","","1097","FA","34","1,000,000","FA","0","0%","0%","0","0","0","0","0"
"*042yk*","Konstantin Volkov","NSH","G","G","","1098","FA","29","1,000,000","FA","0","0%","0%","0","0","0","0","0"
"*03bmk*","Coleman Vollrath","(N/A)","G","G","","1099","FA","31","1,000,000","FA","0","0%","0%","0","0","0","0","0"
"*06c91*","Yevgeni Volokhin","MTL","G","G","","1100","SPG","21","0","MNR","0","5%","-1%","0","0","0","0","0"
"*04f7k*","Tomas Vomacka","(N/A)","G","G","","1101","FA","27","1,000,000","FA","0","0%","0%","0","0","0","0","0"
"*062pw*","Jakub Vondras","CAR","G","G","","1102","FA","22","1,000,000","FA","0","1%","0%","0","0","0","0","0"
"*04lp1*","Joona Voutilainen","(N/A)","G","G","","1103","FA","29","1,000,000","FA","0","0%","0%","0","0","0","0","0"
"*05u3i*","Joe Vrbetic","MTL","G","G","","1104","FA","23","1,000,000","FA","0","0%","0%","0","0","0","0","0"
"*05tpw*","Semyon Vyazovoy","SEA","G","G","","1105","BHHC","23","0","MNR","0","10%","-1%","0","0","0","0","0"
"*06b7f*","Ludovic Waeber","(N/A)","G","G","","1106","FA","30","1,000,000","FA","0","0%","0%","0","0","0","0","0"
"*003m5*","Michael Wall","COL","G","G","","1107","FA","41","1,000,000","FA","0","0%","0%","0","0","0","0","0"
"*042yq*","Tyler Wall","PHI","G","G","","1108","FA","28","1,000,000","FA","0","0%","0%","0","0","0","0","0"
"*06imo*","Nils Wallstrom","(N/A)","G","G","","1109","FA","22","1,000,000","FA","0","0%","0%","0","0","0","0","0"
"*06hk6*","Matteus Ward","(N/A)","G","G","","1110","FA","25","1,000,000","FA","0","0%","0%","0","0","0","0","0"
"*05980*","Beck Warm","SJS","G","G","","1111","FA","27","1,000,000","FA","0","0%","0%","0","0","0","0","0"
"*06mhs*","Keegan Warren","(N/A)","G","G","","1112","FA","20","1,000,000","FA","0","0%","0%","0","0","0","0","0"
"*04l91*","Dawson Weatherill","(N/A)","G","G","","1113","FA","27","1,000,000","FA","0","0%","0%","0","0","0","0","0"
"*065k1*","Mitchell Weeks","CHI","G","G","","1114","FA","25","1,000,000","FA","0","0%","0%","0","0","0","0","0"
"*042xe*","Dylan Wells","UTA","G","G","","1115","FA","28","1,000,000","FA","0","0%","0%","0","0","0","0","0"
"*066pn*","Henry Welsch","(N/A)","G","G","","1116","FA","25","1,000,000","FA","0","0%","0%","0","0","0","0","0"
"*078cf*","Xavier Wendt","PIT","G","G","","1117","FA","18","1,000,000","FA","0","0%","0%","0","0","0","0","0"
"*03ymi*","Evan Weninger","(N/A)","G","G","","1118","FA","30","1,000,000","FA","0","0%","0%","0","0","0","0","0"
"*042xl*","Adam Werner","CGY","G","G","","1119","FA","29","1,000,000","FA","0","0%","0%","0","0","0","0","0"
"*01uc8*","Gustaf Wesslau","(N/A)","G","G","","1120","FA","41","1,000,000","FA","0","0%","0%","0","0","0","0","0"
"*04o4q*","Niclas Westerholm","(N/A)","G","G","","1121","FA","29","1,000,000","FA","0","0%","0%","0","0","0","0","0"
"*04n74*","Ben Wexler","(N/A)","G","G","","1122","FA","31","1,000,000","FA","0","0%","0%","0","0","0","0","0"
"*03h53*","Blake Weyrick","(N/A)","G","G","","1123","FA","30","1,000,000","FA","0","0%","0%","0","0","0","0","0"
"*043r5*","Jackson Whistle","(N/A)","G","G","","1124","FA","31","1,000,000","FA","0","0%","0%","0","0","0","0","0"
"*025gt*","Jordan White","(N/A)","G","G","","1125","FA","38","1,000,000","FA","0","0%","0%","0","0","0","0","0"
"*060ni*","Cameron Whitehead","VGK","G","G","","1126","FA","23","1,000,000","FA","0","3%","0%","0","0","0","0","0"
"*02o8d*","Brandon Whitney","NSH","G","G","","1127","FA","32","1,000,000","FA","0","0%","0%","0","0","0","0","0"
"*02g1k*","Adam Wilcox","STL","G","G","","1128","FA","33","1,000,000","FA","0","0%","0%","0","0","0","0","0"
"*076yj*","Anton Emil Wilde Larsen","DAL","G","G","R","1129","FA","18","1,000,000","FA","0","1%","0%","0","0","0","0","0"
"*03cvn*","Roman Will","(N/A)","G","G","","1130","FA","34","1,000,000","FA","0","0%","0%","0","0","0","0","0"
"*03emw*","Devin Williams","(N/A)","G","G","","1131","FA","30","1,000,000","FA","0","0%","0%","0","0","0","0","0"
"*048xt*","Jay Williams","(N/A)","G","G","","1132","FA","33","1,000,000","FA","0","0%","0%","0","0","0","0","0"
"*031ps*","Stephon Williams","(N/A)","G","G","","1133","FA","33","1,000,000","FA","0","0%","0%","0","0","0","0","0"
"*05982*","Clint Windsor","(N/A)","G","G","","1134","FA","32","1,000,000","FA","0","0%","0%","0","0","0","0","0"
"*03av7*","Clay Witt","(N/A)","G","G","","1135","FA","35","1,000,000","FA","0","0%","0%","0","0","0","0","0"
"*064ap*","Simon Wolf","(N/A)","G","G","","1136","FA","22","1,000,000","FA","0","0%","0%","0","0","0","0","0"
"*071mc*","Alex Worthington","WPG","G","G","","1137","FA","21","1,000,000","FA","0","0%","0%","0","0","0","0","0"
"*06miy*","Chase Wutzke","MIN","G","G","","1138","FA","20","1,000,000","FA","0","3%","0%","0","0","0","0","0"
"*06lom*","Mikhail Yegorov","NJD","G","G","","1139","nebsnave","20","0","MNR","0","29%","-3%","0","0","0","0","0"
"*06cdq*","Yegor Yegorov","CGY","G","G","","1140","FA","21","1,000,000","FA","0","3%","0%","0","0","0","0","0"
"*0791g*","Vladislav Yermolenko","(N/A)","G","G","","1141","FA","18","1,000,000","FA","0","0%","0%","0","0","0","0","0"
"*061lr*","Ty Young","VAN","G","G","","1142","FA","22","1,000,000","FA","0","3%","0%","0","0","0","0","0"
"*06mjc*","Ivan Yunin","COL","G","G","","1143","FA","20","1,000,000","FA","0","2%","0%","0","0","0","0","0"
"*072cr*","Lawton Zacher","(N/A)","G","G","","1144","FA","22","1,000,000","FA","0","0%","0%","0","0","0","0","0"
"*05tuf*","Platon Zadorozhny","(N/A)","G","G","","1145","FA","23","1,000,000","FA","0","0%","0%","0","0","0","0","0"
"*04a43*","Artyom Zagidulin","(N/A)","G","G","","1146","FA","31","1,000,000","FA","0","0%","0%","0","0","0","0","0"
"*05gvr*","Simon Zajicek","BOS","G","G","","1147","FA","25","1,000,000","FA","0","4%","-1%","0","0","0","0","0"
"*03btn*","Ryan Zapolski","(N/A)","G","G","","1148","FA","39","1,000,000","FA","0","0%","0%","0","0","0","0","0"
"*06mhf*","Kirill Zarubin","CGY","G","G","","1149","FA","21","1,000,000","FA","0","6%","-1%","0","0","0","0","0"
"*00589*","Jeff Zatkoff","(N/A)","G","G","","1150","FA","39","1,000,000","FA","0","0%","0%","0","0","0","0","0"
"*06c40*","Yegor Zavragin","PHI","G","G","","1151","SPG","21","0","MNR","0","21%","-3%","0","0","0","0","0"
"*04z4n*","Dustyn Zenner","(N/A)","G","G","","1152","FA","38","1,000,000","FA","0","0%","0%","0","0","0","0","0"
"*051wa*","Vadim Zherenko","OTT","G","G","","1153","FA","25","1,000,000","FA","0","4%","-1%","0","0","0","0","0"
"*05uw2*","Ivan Zhigalov","COL","G","G","","1154","FA","23","1,000,000","FA","0","2%","0%","0","0","0","0","0"
"*048vh*","Maksim Zhukov","TOR","G","G","","1155","FA","27","1,000,000","FA","0","0%","0%","0","0","0","0","0"
